[{"pk": 1, "model": "resources.resource", "fields": {"name": "test-po", "created": "2010-09-01 11:09:29", "i18n_type": "PO", "source_language": 20, "last_update": "2010-09-01 12:18:55", "project": 1, "source_file": null, "slug": "test-po"}}, {"pk": 2, "model": "resources.resource", "fields": {"name": "test-qt", "created": "2010-09-01 11:11:21", "i18n_type": "QT", "source_language": 20, "last_update": "2010-09-01 12:18:54", "project": 1, "source_file": null, "slug": "test-qt"}}, {"pk": 1, "model": "resources.sourceentity", "fields": {"developer_comment": "", "resource": 1, "string": "User", "created": "2010-09-01 11:09:29", "string_hash": "8f9bfe9d1345237cb3b2b205864da075", "last_update": "2010-09-01 11:09:29", "flags": "", "occurrences": "actionlog/templates/object_action_list.html:7, txpermissions/forms.py:18", "context": "None", "position": 1, "pluralized": false}}, {"pk": 4, "model": "resources.sourceentity", "fields": {"developer_comment": "", "resource": 2, "string": "PROCESSING START...", "created": "2010-09-01 11:29:47", "string_hash": "06c85dc619977203eb9e21123ae1c6d1", "last_update": "2010-09-01 11:29:47", "flags": "", "occurrences": "kuvasin.cpp:115", "context": "Kuvasin", "position": 1, "pluralized": false}}, {"pk": 2, "model": "resources.sourceentity", "fields": {"developer_comment": "", "resource": 1, "string": "Action", "created": "2010-09-01 11:09:29", "string_hash": "004bf6c9a40003140292e97330236c53", "last_update": "2010-09-01 11:09:29", "flags": "", "occurrences": "actionlog/templates/object_action_list.html:8", "context": "None", "position": 1, "pluralized": false}}, {"pk": 5, "model": "resources.sourceentity", "fields": {"developer_comment": "", "resource": 2, "string": "USER ABORT.", "created": "2010-09-01 11:29:47", "string_hash": "e4f4ff21f2c80c28c5f1bf938d9085ae", "last_update": "2010-09-01 11:29:47", "flags": "", "occurrences": "kuvasin.cpp:136", "context": "Kuvasin", "position": 1, "pluralized": false}}, {"pk": 3, "model": "resources.sourceentity", "fields": {"developer_comment": "", "resource": 1, "string": "{0} result", "created": "2010-09-01 11:09:29", "string_hash": "f5c0afb365dd6ef27ca0f026013b5af9", "last_update": "2010-09-01 11:09:29", "flags": "", "occurrences": "foo/templates/bar.html:180", "context": "None", "position": 1, "pluralized": true}}, {"pk": 6, "model": "resources.sourceentity", "fields": {"developer_comment": "", "resource": 2, "string": "%n FILES PROCESSED.", "created": "2010-09-01 11:29:47", "string_hash": "575aa9a0187f8e65e456d18fbcdbf3f7", "last_update": "2010-09-01 11:29:47", "flags": "", "occurrences": "kuvasin.cpp:140", "context": "Kuvasin", "position": 1, "pluralized": true}}, {"pk": 7, "model": "resources.sourceentity", "fields": {"developer_comment": "", "resource": 2, "string": "COPYING '%1' AS '%2' TO '%3'.", "created": "2010-09-01 11:29:47", "string_hash": "a16aa51e096c01df13e70c2eb34b3ad8", "last_update": "2010-09-01 11:29:47", "flags": "", "occurrences": "kuvasin.cpp:397", "context": "Kuvasin", "position": 1, "pluralized": false}}, {"pk": 8, "model": "resources.sourceentity", "fields": {"developer_comment": "", "resource": 2, "string": "LANGUAGE NAME", "created": "2010-09-01 11:29:47", "string_hash": "fa316dbd981579691726fe519d22af33", "last_update": "2010-09-01 11:29:47", "flags": "", "occurrences": "kuvasin.cpp:491", "context": "Kuvasin", "position": 1, "pluralized": false}}, {"pk": 9, "model": "resources.sourceentity", "fields": {"developer_comment": "", "resource": 2, "string": "TARGET DIR '%1' CREATION FAILED.", "created": "2010-09-01 11:29:47", "string_hash": "293382065b6e50d4485d965f5bf8f3c9", "last_update": "2010-09-01 11:29:47", "flags": "", "occurrences": "kuvasin.cpp:373", "context": "Kuvasin", "position": 1, "pluralized": false}}, {"pk": 10, "model": "resources.sourceentity", "fields": {"developer_comment": "", "resource": 2, "string": "SOURCE FOLDER(S)/FILE(S):\n", "created": "2010-09-01 11:29:47", "string_hash": "786769d2eb5edb406ace0d4500494fa1", "last_update": "2010-09-01 11:29:47", "flags": "", "occurrences": "kuvasin.cpp:35", "context": "Kuvasin", "position": 1, "pluralized": false}}, {"pk": 11, "model": "resources.sourceentity", "fields": {"developer_comment": "", "resource": 2, "string": "TARGET FOLDER:\n", "created": "2010-09-01 11:29:47", "string_hash": "57361a85faa28ab1af250685a2f7a99d", "last_update": "2010-09-01 11:29:47", "flags": "", "occurrences": "kuvasin.cpp:36", "context": "Kuvasin", "position": 1, "pluralized": false}}, {"pk": 12, "model": "resources.sourceentity", "fields": {"developer_comment": "", "resource": 2, "string": "TARGET NOT SET.", "created": "2010-09-01 11:29:47", "string_hash": "aaef49c8a0dd69cfbe6625dec60c39c1", "last_update": "2010-09-01 11:29:47", "flags": "", "occurrences": "kuvasin.cpp:87", "context": "Kuvasin", "position": 1, "pluralized": false}}, {"pk": 13, "model": "resources.sourceentity", "fields": {"developer_comment": "", "resource": 2, "string": "SOURCE(S) NOT SET.", "created": "2010-09-01 11:29:47", "string_hash": "b4d39df666d40b1492c5e98a775a5451", "last_update": "2010-09-01 11:29:47", "flags": "", "occurrences": "kuvasin.cpp:92", "context": "Kuvasin", "position": 1, "pluralized": false}}, {"pk": 14, "model": "resources.sourceentity", "fields": {"developer_comment": "", "resource": 2, "string": "PROCESSING...", "created": "2010-09-01 11:29:47", "string_hash": "55c2311c893906f7b78c542a9fa6e328", "last_update": "2010-09-01 11:29:47", "flags": "", "occurrences": "kuvasin.cpp:101", "context": "Kuvasin", "position": 1, "pluralized": false}}, {"pk": 15, "model": "resources.sourceentity", "fields": {"developer_comment": "", "resource": 2, "string": "CANCEL", "created": "2010-09-01 11:29:47", "string_hash": "2027c027133e22c8929e2874dc44dd36", "last_update": "2010-09-01 11:29:47", "flags": "", "occurrences": "kuvasin.cpp:101", "context": "Kuvasin", "position": 1, "pluralized": false}}, {"pk": 16, "model": "resources.sourceentity", "fields": {"developer_comment": "", "resource": 2, "string": "CANCELLING...", "created": "2010-09-01 11:29:47", "string_hash": "543b575faacd593091d52245d85f107e", "last_update": "2010-09-01 11:29:47", "flags": "", "occurrences": "kuvasin.cpp:412", "context": "Kuvasin", "position": 1, "pluralized": false}}, {"pk": 17, "model": "resources.sourceentity", "fields": {"developer_comment": "", "resource": 2, "string": "COPY FAILED FOR '%1'.", "created": "2010-09-01 11:29:47", "string_hash": "133cffdf3349bf02d24024fd719b28a8", "last_update": "2010-09-01 11:29:47", "flags": "", "occurrences": "kuvasin.cpp:425", "context": "Kuvasin", "position": 1, "pluralized": false}}, {"pk": 18, "model": "resources.sourceentity", "fields": {"developer_comment": "", "resource": 2, "string": "DEL FAILED FOR '%1'.", "created": "2010-09-01 11:29:47", "string_hash": "ab3b018800a58f4d77b2c4fa8b10a691", "last_update": "2010-09-01 11:29:47", "flags": "", "occurrences": "kuvasin.cpp:455", "context": "Kuvasin", "position": 1, "pluralized": false}}, {"pk": 19, "model": "resources.sourceentity", "fields": {"developer_comment": "", "resource": 2, "string": "Kuvasin", "created": "2010-09-01 11:29:47", "string_hash": "cdde069899f722e1939a95043a13c006", "last_update": "2010-09-01 11:29:47", "flags": "", "occurrences": "kuvasin.ui:20;ui_kuvasin.h:244", "context": "KuvasinClass", "position": 1, "pluralized": false}}, {"pk": 20, "model": "resources.sourceentity", "fields": {"developer_comment": "", "resource": 2, "string": "LABEL SOURCE FOLDER.", "created": "2010-09-01 11:29:47", "string_hash": "9cb526c0f9be6788f09c1143145dc646", "last_update": "2010-09-01 11:29:47", "flags": "", "occurrences": "kuvasin.ui:32;ui_kuvasin.h:245", "context": "KuvasinClass", "position": 1, "pluralized": false}}, {"pk": 21, "model": "resources.sourceentity", "fields": {"developer_comment": "", "resource": 2, "string": "LABEL TARGET FOLDER.", "created": "2010-09-01 11:29:47", "string_hash": "7e27553bf03c1b7ea2c2db84a6880c06", "last_update": "2010-09-01 11:29:47", "flags": "", "occurrences": "kuvasin.ui:45;ui_kuvasin.h:246", "context": "KuvasinClass", "position": 1, "pluralized": false}}, {"pk": 22, "model": "resources.sourceentity", "fields": {"developer_comment": "", "resource": 2, "string": "GOOD EXTENSIONS", "created": "2010-09-01 11:29:47", "string_hash": "b93fb21030ee1dd479ae19d26128b6f9", "last_update": "2010-09-01 11:29:47", "flags": "", "occurrences": "kuvasin.ui:174;ui_kuvasin.h:258", "context": "KuvasinClass", "position": 1, "pluralized": false}}, {"pk": 23, "model": "resources.sourceentity", "fields": {"developer_comment": "", "resource": 2, "string": "GOOD EXTENSIONS TOOL TIP.", "created": "2010-09-01 11:29:47", "string_hash": "eb60c285535549da8584c83ca77a7992", "last_update": "2010-09-01 11:29:47", "flags": "", "occurrences": "kuvasin.ui:190;ui_kuvasin.h:260", "context": "KuvasinClass", "position": 1, "pluralized": false}}, {"pk": 24, "model": "resources.sourceentity", "fields": {"developer_comment": "", "resource": 2, "string": "CHECK BOX REMOVE ORIGINALS", "created": "2010-09-01 11:29:47", "string_hash": "5c7e2102fbdea71ea47ddbc23d349c73", "last_update": "2010-09-01 11:29:47", "flags": "", "occurrences": "kuvasin.ui:205;ui_kuvasin.h:266", "context": "KuvasinClass", "position": 1, "pluralized": false}}, {"pk": 25, "model": "resources.sourceentity", "fields": {"developer_comment": "", "resource": 2, "string": "CHECK BOX  IGNORE PALBTN", "created": "2010-09-01 11:29:47", "string_hash": "b60c404621d56ace8a4ada1ea8c99a21", "last_update": "2010-09-01 11:29:47", "flags": "", "occurrences": "kuvasin.ui:215;ui_kuvasin.h:270", "context": "KuvasinClass", "position": 1, "pluralized": false}}, {"pk": 26, "model": "resources.sourceentity", "fields": {"developer_comment": "", "resource": 2, "string": "CHECK BOX TARGET DIRECTORY REUSAL", "created": "2010-09-01 11:29:47", "string_hash": "7d4a1c7d51a44f33e0d0892063d2a035", "last_update": "2010-09-01 11:29:47", "flags": "", "occurrences": "kuvasin.ui:235;ui_kuvasin.h:278", "context": "KuvasinClass", "position": 1, "pluralized": false}}, {"pk": 27, "model": "resources.sourceentity", "fields": {"developer_comment": "", "resource": 2, "string": "CHECK BOX RECURSIVE", "created": "2010-09-01 11:29:47", "string_hash": "17dca366d9bef6b559342d948f34116e", "last_update": "2010-09-01 11:29:47", "flags": "", "occurrences": "kuvasin.ui:225;ui_kuvasin.h:274", "context": "KuvasinClass", "position": 1, "pluralized": false}}, {"pk": 28, "model": "resources.sourceentity", "fields": {"developer_comment": "", "resource": 2, "string": "ST&amp;ART", "created": "2010-09-01 11:29:47", "string_hash": "cd7ccf67b799b1401bae54afb70b75c0", "last_update": "2010-09-01 11:29:47", "flags": "", "occurrences": "kuvasin.ui:119;ui_kuvasin.h:252", "context": "KuvasinClass", "position": 1, "pluralized": false}}, {"pk": 29, "model": "resources.sourceentity", "fields": {"developer_comment": "", "resource": 2, "string": "E&amp;XIT", "created": "2010-09-01 11:29:47", "string_hash": "90337b66a13f086af0fb9e11ab034e52", "last_update": "2010-09-01 11:29:47", "flags": "", "occurrences": "kuvasin.ui:138;ui_kuvasin.h:256", "context": "KuvasinClass", "position": 1, "pluralized": false}}, {"pk": 30, "model": "resources.sourceentity", "fields": {"developer_comment": "", "resource": 2, "string": "REMOVE ORIGINALS TOOL TIP.", "created": "2010-09-01 11:29:47", "string_hash": "489d09c26eb444c85da2d093f5611dee", "last_update": "2010-09-01 11:29:47", "flags": "", "occurrences": "kuvasin.ui:202;ui_kuvasin.h:264", "context": "KuvasinClass", "position": 1, "pluralized": false}}, {"pk": 31, "model": "resources.sourceentity", "fields": {"developer_comment": "", "resource": 2, "string": "IGNORE PALBTN TOOL TIP.", "created": "2010-09-01 11:29:47", "string_hash": "bce3ac41b732eae41bcc7be62e459be5", "last_update": "2010-09-01 11:29:47", "flags": "", "occurrences": "kuvasin.ui:212;ui_kuvasin.h:268", "context": "KuvasinClass", "position": 1, "pluralized": false}}, {"pk": 32, "model": "resources.sourceentity", "fields": {"developer_comment": "", "resource": 2, "string": "TARGET DIRECTORY REUSAL TOOL TIP.", "created": "2010-09-01 11:29:47", "string_hash": "57cfdb2457462b6bc37b4880469222fb", "last_update": "2010-09-01 11:29:47", "flags": "", "occurrences": "kuvasin.ui:232;ui_kuvasin.h:276", "context": "KuvasinClass", "position": 1, "pluralized": false}}, {"pk": 33, "model": "resources.sourceentity", "fields": {"developer_comment": "", "resource": 2, "string": "RECURSIVE SEARCH TOOL TIP.", "created": "2010-09-01 11:29:47", "string_hash": "8b32a8cb3e2a4b12f369fe9899fe1830", "last_update": "2010-09-01 11:29:47", "flags": "", "occurrences": "kuvasin.ui:222;ui_kuvasin.h:272", "context": "KuvasinClass", "position": 1, "pluralized": false}}, {"pk": 34, "model": "resources.sourceentity", "fields": {"developer_comment": "", "resource": 2, "string": "SAVE SETTINGS TOOL TIP.", "created": "2010-09-01 11:29:47", "string_hash": "cfcad277eda979c80c75e8aa3ed8e628", "last_update": "2010-09-01 11:29:47", "flags": "", "occurrences": "kuvasin.ui:248;ui_kuvasin.h:280", "context": "KuvasinClass", "position": 1, "pluralized": false}}, {"pk": 35, "model": "resources.sourceentity", "fields": {"developer_comment": "", "resource": 2, "string": "&amp;SAVE SETTINGS", "created": "2010-09-01 11:29:47", "string_hash": "5e71483c09558b4b5a978dc047a10630", "last_update": "2010-09-01 11:29:47", "flags": "", "occurrences": "kuvasin.ui:251;ui_kuvasin.h:282", "context": "KuvasinClass", "position": 1, "pluralized": false}}, {"pk": 36, "model": "resources.sourceentity", "fields": {"developer_comment": "", "resource": 2, "string": "LOG TOOL TIP.", "created": "2010-09-01 11:29:47", "string_hash": "20304f99aafc250dddac8637bfcede44", "last_update": "2010-09-01 11:29:47", "flags": "", "occurrences": "kuvasin.ui:284;ui_kuvasin.h:288", "context": "KuvasinClass", "position": 1, "pluralized": false}}, {"pk": 37, "model": "resources.sourceentity", "fields": {"developer_comment": "", "resource": 2, "string": "START TRANSFER TOOL TIP.", "created": "2010-09-01 11:29:47", "string_hash": "b134a10de5d50125a99e608ff58b9251", "last_update": "2010-09-01 11:29:47", "flags": "", "occurrences": "kuvasin.ui:116;ui_kuvasin.h:250", "context": "KuvasinClass", "position": 1, "pluralized": false}}, {"pk": 38, "model": "resources.sourceentity", "fields": {"developer_comment": "", "resource": 2, "string": "EXIT APP TOOL TIP.", "created": "2010-09-01 11:29:47", "string_hash": "8457c97a686069bf987bbd3588517777", "last_update": "2010-09-01 11:29:47", "flags": "", "occurrences": "kuvasin.ui:135;ui_kuvasin.h:254", "context": "KuvasinClass", "position": 1, "pluralized": false}}, {"pk": 39, "model": "resources.sourceentity", "fields": {"developer_comment": "", "resource": 2, "string": "LABEL APP LANGUAGE", "created": "2010-09-01 11:29:47", "string_hash": "b42453bfe2aab50bcf0708af39065b32", "last_update": "2010-09-01 11:29:47", "flags": "", "occurrences": "kuvasin.ui:260;ui_kuvasin.h:283", "context": "KuvasinClass", "position": 1, "pluralized": false}}, {"pk": 40, "model": "resources.sourceentity", "fields": {"developer_comment": "", "resource": 2, "string": "LANGUAGE COMBO TOOL TIP.", "created": "2010-09-01 11:29:47", "string_hash": "8687613b9f8b2083f141c3d4e101b067", "last_update": "2010-09-01 11:29:47", "flags": "", "occurrences": "kuvasin.ui:273;ui_kuvasin.h:285", "context": "KuvasinClass", "position": 1, "pluralized": false}}, {"pk": 41, "model": "resources.sourceentity", "fields": {"developer_comment": "", "resource": 2, "string": "S&amp;ETTINGS", "created": "2010-09-01 11:29:47", "string_hash": "0085351c5c48aa0d0f6e46511eebdd18", "last_update": "2010-09-01 11:29:47", "flags": "", "occurrences": "kuvasin.ui:147;ui_kuvasin.h:257", "context": "KuvasinClass", "position": 1, "pluralized": false}}, {"pk": 42, "model": "resources.sourceentity", "fields": {"developer_comment": "", "resource": 2, "string": "GOOD EXTENSIONS LIST", "created": "2010-09-01 11:29:47", "string_hash": "9a086ed7331bf6092285d9af65698ff6", "last_update": "2010-09-01 11:29:47", "flags": "", "occurrences": "kuvasin.ui:193;ui_kuvasin.h:262", "context": "KuvasinClass", "position": 1, "pluralized": false}}, {"pk": 43, "model": "resources.sourceentity", "fields": {"developer_comment": "", "resource": 2, "string": "ITEMS:", "created": "2010-09-01 11:29:47", "string_hash": "7ed9a551599af6e2cf7a642b3773787d", "last_update": "2010-09-01 11:29:47", "flags": "", "occurrences": "qlabeldroptarget.cpp:8", "context": "QLabelDropTarget", "position": 1, "pluralized": false}}, {"pk": 44, "model": "resources.sourceentity", "fields": {"developer_comment": "", "resource": 2, "string": "SINGLE ITEM ONLY, PLEASE.", "created": "2010-09-01 11:29:47", "string_hash": "f78f7c7698097bafce55f821c4906e70", "last_update": "2010-09-01 11:29:47", "flags": "", "occurrences": "qlabeldroptarget.cpp:46", "context": "QLabelDropTarget", "position": 1, "pluralized": false}}, {"pk": 45, "model": "resources.sourceentity", "fields": {"developer_comment": "", "resource": 2, "string": "MISMATCH: FOLDER '%1'.", "created": "2010-09-01 11:29:47", "string_hash": "af484542bf464d18a134f2ca710b6485", "last_update": "2010-09-01 11:29:47", "flags": "", "occurrences": "qlabeldroptarget.cpp:68", "context": "QLabelDropTarget", "position": 1, "pluralized": false}}, {"pk": 46, "model": "resources.sourceentity", "fields": {"developer_comment": "", "resource": 2, "string": "MISMATCH: FILE '%1'.", "created": "2010-09-01 11:29:47", "string_hash": "649bbf7cb5c2893685633a66e9cce5dd", "last_update": "2010-09-01 11:29:47", "flags": "", "occurrences": "qlabeldroptarget.cpp:78", "context": "QLabelDropTarget", "position": 1, "pluralized": false}}, {"pk": 1, "model": "resources.translation", "fields": {"source_entity": 1, "resource": 1, "string": "User", "language": 20, "created": "2010-09-01 11:09:29", "string_hash": "8f9bfe9d1345237cb3b2b205864da075", "rule": 5, "last_update": "2010-09-01 11:09:29", "user": null}}, {"pk": 2, "model": "resources.translation", "fields": {"source_entity": 2, "resource": 1, "string": "Action", "language": 20, "created": "2010-09-01 11:09:29", "string_hash": "004bf6c9a40003140292e97330236c53", "rule": 5, "last_update": "2010-09-01 11:09:29", "user": null}}, {"pk": 3, "model": "resources.translation", "fields": {"source_entity": 3, "resource": 1, "string": "{0} result", "language": 20, "created": "2010-09-01 11:09:29", "string_hash": "f5c0afb365dd6ef27ca0f026013b5af9", "rule": 1, "last_update": "2010-09-01 11:09:29", "user": null}}, {"pk": 17, "model": "resources.translation", "fields": {"source_entity": 4, "resource": 2, "string": "PROCESSING START...", "language": 20, "created": "2010-09-01 11:29:47", "string_hash": "06c85dc619977203eb9e21123ae1c6d1", "rule": 5, "last_update": "2010-09-01 11:29:47", "user": null}}, {"pk": 18, "model": "resources.translation", "fields": {"source_entity": 5, "resource": 2, "string": "USER ABORT.", "language": 20, "created": "2010-09-01 11:29:47", "string_hash": "e4f4ff21f2c80c28c5f1bf938d9085ae", "rule": 5, "last_update": "2010-09-01 11:29:47", "user": null}}, {"pk": 19, "model": "resources.translation", "fields": {"source_entity": 6, "resource": 2, "string": "%n files processed.", "language": 20, "created": "2010-09-01 11:29:47", "string_hash": "17b0bd770660ccc8634108095b11bee0", "rule": 5, "last_update": "2010-09-01 12:18:54", "user": null}}, {"pk": 21, "model": "resources.translation", "fields": {"source_entity": 7, "resource": 2, "string": "COPYING '%1' AS '%2' TO '%3'.", "language": 20, "created": "2010-09-01 11:29:47", "string_hash": "a16aa51e096c01df13e70c2eb34b3ad8", "rule": 5, "last_update": "2010-09-01 11:29:47", "user": null}}, {"pk": 22, "model": "resources.translation", "fields": {"source_entity": 8, "resource": 2, "string": "LANGUAGE NAME", "language": 20, "created": "2010-09-01 11:29:47", "string_hash": "fa316dbd981579691726fe519d22af33", "rule": 5, "last_update": "2010-09-01 11:29:47", "user": null}}, {"pk": 23, "model": "resources.translation", "fields": {"source_entity": 9, "resource": 2, "string": "TARGET DIR '%1' CREATION FAILED.", "language": 20, "created": "2010-09-01 11:29:47", "string_hash": "293382065b6e50d4485d965f5bf8f3c9", "rule": 5, "last_update": "2010-09-01 11:29:47", "user": null}}, {"pk": 24, "model": "resources.translation", "fields": {"source_entity": 10, "resource": 2, "string": "SOURCE FOLDER(S)/FILE(S):\n", "language": 20, "created": "2010-09-01 11:29:47", "string_hash": "786769d2eb5edb406ace0d4500494fa1", "rule": 5, "last_update": "2010-09-01 11:29:47", "user": null}}, {"pk": 25, "model": "resources.translation", "fields": {"source_entity": 11, "resource": 2, "string": "TARGET FOLDER:\n", "language": 20, "created": "2010-09-01 11:29:47", "string_hash": "57361a85faa28ab1af250685a2f7a99d", "rule": 5, "last_update": "2010-09-01 11:29:47", "user": null}}, {"pk": 26, "model": "resources.translation", "fields": {"source_entity": 12, "resource": 2, "string": "TARGET NOT SET.", "language": 20, "created": "2010-09-01 11:29:47", "string_hash": "aaef49c8a0dd69cfbe6625dec60c39c1", "rule": 5, "last_update": "2010-09-01 11:29:47", "user": null}}, {"pk": 27, "model": "resources.translation", "fields": {"source_entity": 13, "resource": 2, "string": "SOURCE(S) NOT SET.", "language": 20, "created": "2010-09-01 11:29:47", "string_hash": "b4d39df666d40b1492c5e98a775a5451", "rule": 5, "last_update": "2010-09-01 11:29:47", "user": null}}, {"pk": 28, "model": "resources.translation", "fields": {"source_entity": 14, "resource": 2, "string": "PROCESSING...", "language": 20, "created": "2010-09-01 11:29:47", "string_hash": "55c2311c893906f7b78c542a9fa6e328", "rule": 5, "last_update": "2010-09-01 11:29:47", "user": null}}, {"pk": 29, "model": "resources.translation", "fields": {"source_entity": 15, "resource": 2, "string": "CANCEL", "language": 20, "created": "2010-09-01 11:29:47", "string_hash": "2027c027133e22c8929e2874dc44dd36", "rule": 5, "last_update": "2010-09-01 11:29:47", "user": null}}, {"pk": 30, "model": "resources.translation", "fields": {"source_entity": 16, "resource": 2, "string": "CANCELLING...", "language": 20, "created": "2010-09-01 11:29:47", "string_hash": "543b575faacd593091d52245d85f107e", "rule": 5, "last_update": "2010-09-01 11:29:47", "user": null}}, {"pk": 31, "model": "resources.translation", "fields": {"source_entity": 17, "resource": 2, "string": "COPY FAILED FOR '%1'.", "language": 20, "created": "2010-09-01 11:29:47", "string_hash": "133cffdf3349bf02d24024fd719b28a8", "rule": 5, "last_update": "2010-09-01 11:29:47", "user": null}}, {"pk": 32, "model": "resources.translation", "fields": {"source_entity": 18, "resource": 2, "string": "DEL FAILED FOR '%1'.", "language": 20, "created": "2010-09-01 11:29:47", "string_hash": "ab3b018800a58f4d77b2c4fa8b10a691", "rule": 5, "last_update": "2010-09-01 11:29:47", "user": null}}, {"pk": 33, "model": "resources.translation", "fields": {"source_entity": 19, "resource": 2, "string": "Kuvasin", "language": 20, "created": "2010-09-01 11:29:47", "string_hash": "cdde069899f722e1939a95043a13c006", "rule": 5, "last_update": "2010-09-01 11:29:47", "user": null}}, {"pk": 34, "model": "resources.translation", "fields": {"source_entity": 20, "resource": 2, "string": "LABEL SOURCE FOLDER.", "language": 20, "created": "2010-09-01 11:29:47", "string_hash": "9cb526c0f9be6788f09c1143145dc646", "rule": 5, "last_update": "2010-09-01 11:29:47", "user": null}}, {"pk": 35, "model": "resources.translation", "fields": {"source_entity": 21, "resource": 2, "string": "LABEL TARGET FOLDER.", "language": 20, "created": "2010-09-01 11:29:47", "string_hash": "7e27553bf03c1b7ea2c2db84a6880c06", "rule": 5, "last_update": "2010-09-01 11:29:47", "user": null}}, {"pk": 36, "model": "resources.translation", "fields": {"source_entity": 22, "resource": 2, "string": "GOOD EXTENSIONS", "language": 20, "created": "2010-09-01 11:29:47", "string_hash": "b93fb21030ee1dd479ae19d26128b6f9", "rule": 5, "last_update": "2010-09-01 11:29:47", "user": null}}, {"pk": 37, "model": "resources.translation", "fields": {"source_entity": 23, "resource": 2, "string": "GOOD EXTENSIONS TOOL TIP.", "language": 20, "created": "2010-09-01 11:29:47", "string_hash": "eb60c285535549da8584c83ca77a7992", "rule": 5, "last_update": "2010-09-01 11:29:47", "user": null}}, {"pk": 38, "model": "resources.translation", "fields": {"source_entity": 24, "resource": 2, "string": "CHECK BOX REMOVE ORIGINALS", "language": 20, "created": "2010-09-01 11:29:47", "string_hash": "5c7e2102fbdea71ea47ddbc23d349c73", "rule": 5, "last_update": "2010-09-01 11:29:47", "user": null}}, {"pk": 39, "model": "resources.translation", "fields": {"source_entity": 25, "resource": 2, "string": "CHECK BOX  IGNORE PALBTN", "language": 20, "created": "2010-09-01 11:29:47", "string_hash": "b60c404621d56ace8a4ada1ea8c99a21", "rule": 5, "last_update": "2010-09-01 11:29:47", "user": null}}, {"pk": 40, "model": "resources.translation", "fields": {"source_entity": 26, "resource": 2, "string": "CHECK BOX TARGET DIRECTORY REUSAL", "language": 20, "created": "2010-09-01 11:29:47", "string_hash": "7d4a1c7d51a44f33e0d0892063d2a035", "rule": 5, "last_update": "2010-09-01 11:29:47", "user": null}}, {"pk": 41, "model": "resources.translation", "fields": {"source_entity": 27, "resource": 2, "string": "CHECK BOX RECURSIVE", "language": 20, "created": "2010-09-01 11:29:47", "string_hash": "17dca366d9bef6b559342d948f34116e", "rule": 5, "last_update": "2010-09-01 11:29:47", "user": null}}, {"pk": 42, "model": "resources.translation", "fields": {"source_entity": 28, "resource": 2, "string": "ST&amp;ART", "language": 20, "created": "2010-09-01 11:29:47", "string_hash": "cd7ccf67b799b1401bae54afb70b75c0", "rule": 5, "last_update": "2010-09-01 11:29:47", "user": null}}, {"pk": 43, "model": "resources.translation", "fields": {"source_entity": 29, "resource": 2, "string": "E&amp;XIT", "language": 20, "created": "2010-09-01 11:29:47", "string_hash": "90337b66a13f086af0fb9e11ab034e52", "rule": 5, "last_update": "2010-09-01 11:29:47", "user": null}}, {"pk": 44, "model": "resources.translation", "fields": {"source_entity": 30, "resource": 2, "string": "REMOVE ORIGINALS TOOL TIP.", "language": 20, "created": "2010-09-01 11:29:47", "string_hash": "489d09c26eb444c85da2d093f5611dee", "rule": 5, "last_update": "2010-09-01 11:29:47", "user": null}}, {"pk": 45, "model": "resources.translation", "fields": {"source_entity": 31, "resource": 2, "string": "IGNORE PALBTN TOOL TIP.", "language": 20, "created": "2010-09-01 11:29:47", "string_hash": "bce3ac41b732eae41bcc7be62e459be5", "rule": 5, "last_update": "2010-09-01 11:29:47", "user": null}}, {"pk": 46, "model": "resources.translation", "fields": {"source_entity": 32, "resource": 2, "string": "TARGET DIRECTORY REUSAL TOOL TIP.", "language": 20, "created": "2010-09-01 11:29:47", "string_hash": "57cfdb2457462b6bc37b4880469222fb", "rule": 5, "last_update": "2010-09-01 11:29:47", "user": null}}, {"pk": 47, "model": "resources.translation", "fields": {"source_entity": 33, "resource": 2, "string": "RECURSIVE SEARCH TOOL TIP.", "language": 20, "created": "2010-09-01 11:29:47", "string_hash": "8b32a8cb3e2a4b12f369fe9899fe1830", "rule": 5, "last_update": "2010-09-01 11:29:47", "user": null}}, {"pk": 48, "model": "resources.translation", "fields": {"source_entity": 34, "resource": 2, "string": "SAVE SETTINGS TOOL TIP.", "language": 20, "created": "2010-09-01 11:29:47", "string_hash": "cfcad277eda979c80c75e8aa3ed8e628", "rule": 5, "last_update": "2010-09-01 11:29:47", "user": null}}, {"pk": 49, "model": "resources.translation", "fields": {"source_entity": 35, "resource": 2, "string": "&amp;SAVE SETTINGS", "language": 20, "created": "2010-09-01 11:29:47", "string_hash": "5e71483c09558b4b5a978dc047a10630", "rule": 5, "last_update": "2010-09-01 11:29:47", "user": null}}, {"pk": 50, "model": "resources.translation", "fields": {"source_entity": 36, "resource": 2, "string": "LOG TOOL TIP.", "language": 20, "created": "2010-09-01 11:29:47", "string_hash": "20304f99aafc250dddac8637bfcede44", "rule": 5, "last_update": "2010-09-01 11:29:47", "user": null}}, {"pk": 51, "model": "resources.translation", "fields": {"source_entity": 37, "resource": 2, "string": "START TRANSFER TOOL TIP.", "language": 20, "created": "2010-09-01 11:29:47", "string_hash": "b134a10de5d50125a99e608ff58b9251", "rule": 5, "last_update": "2010-09-01 11:29:47", "user": null}}, {"pk": 52, "model": "resources.translation", "fields": {"source_entity": 38, "resource": 2, "string": "EXIT APP TOOL TIP.", "language": 20, "created": "2010-09-01 11:29:47", "string_hash": "8457c97a686069bf987bbd3588517777", "rule": 5, "last_update": "2010-09-01 11:29:47", "user": null}}, {"pk": 53, "model": "resources.translation", "fields": {"source_entity": 39, "resource": 2, "string": "LABEL APP LANGUAGE", "language": 20, "created": "2010-09-01 11:29:47", "string_hash": "b42453bfe2aab50bcf0708af39065b32", "rule": 5, "last_update": "2010-09-01 11:29:47", "user": null}}, {"pk": 54, "model": "resources.translation", "fields": {"source_entity": 40, "resource": 2, "string": "LANGUAGE COMBO TOOL TIP.", "language": 20, "created": "2010-09-01 11:29:47", "string_hash": "8687613b9f8b2083f141c3d4e101b067", "rule": 5, "last_update": "2010-09-01 11:29:47", "user": null}}, {"pk": 55, "model": "resources.translation", "fields": {"source_entity": 41, "resource": 2, "string": "S&amp;ETTINGS", "language": 20, "created": "2010-09-01 11:29:47", "string_hash": "0085351c5c48aa0d0f6e46511eebdd18", "rule": 5, "last_update": "2010-09-01 11:29:47", "user": null}}, {"pk": 56, "model": "resources.translation", "fields": {"source_entity": 42, "resource": 2, "string": "GOOD EXTENSIONS LIST", "language": 20, "created": "2010-09-01 11:29:47", "string_hash": "9a086ed7331bf6092285d9af65698ff6", "rule": 5, "last_update": "2010-09-01 11:29:47", "user": null}}, {"pk": 57, "model": "resources.translation", "fields": {"source_entity": 43, "resource": 2, "string": "ITEMS:", "language": 20, "created": "2010-09-01 11:29:47", "string_hash": "7ed9a551599af6e2cf7a642b3773787d", "rule": 5, "last_update": "2010-09-01 11:29:47", "user": null}}, {"pk": 58, "model": "resources.translation", "fields": {"source_entity": 44, "resource": 2, "string": "SINGLE ITEM ONLY, PLEASE.", "language": 20, "created": "2010-09-01 11:29:47", "string_hash": "f78f7c7698097bafce55f821c4906e70", "rule": 5, "last_update": "2010-09-01 11:29:47", "user": null}}, {"pk": 59, "model": "resources.translation", "fields": {"source_entity": 45, "resource": 2, "string": "MISMATCH: FOLDER '%1'.", "language": 20, "created": "2010-09-01 11:29:47", "string_hash": "af484542bf464d18a134f2ca710b6485", "rule": 5, "last_update": "2010-09-01 11:29:47", "user": null}}, {"pk": 60, "model": "resources.translation", "fields": {"source_entity": 46, "resource": 2, "string": "MISMATCH: FILE '%1'.", "language": 20, "created": "2010-09-01 11:29:47", "string_hash": "649bbf7cb5c2893685633a66e9cce5dd", "rule": 5, "last_update": "2010-09-01 11:29:47", "user": null}}, {"pk": 4, "model": "resources.translation", "fields": {"source_entity": 3, "resource": 1, "string": "{0} results", "language": 20, "created": "2010-09-01 11:09:29", "string_hash": "8a804237321d3811aacb022bf57ec95d", "rule": 5, "last_update": "2010-09-01 11:09:29", "user": null}}, {"pk": 5, "model": "resources.translation", "fields": {"source_entity": 1, "resource": 1, "string": "\u0627\u0644\u0645\u0633\u062a\u062e\u062f\u0645", "language": 3, "created": "2010-09-01 11:09:30", "string_hash": "92ad6414918fdc826687aab1da1dc5f8", "rule": 5, "last_update": "2010-09-01 11:09:30", "user": null}}, {"pk": 6, "model": "resources.translation", "fields": {"source_entity": 2, "resource": 1, "string": "\u0639\u0645\u0644", "language": 3, "created": "2010-09-01 11:09:30", "string_hash": "4f06e730e228081278d3f04b153a86c3", "rule": 5, "last_update": "2010-09-01 11:09:30", "user": null}}, {"pk": 20, "model": "resources.translation", "fields": {"source_entity": 6, "resource": 2, "string": "One (%n) file processed.", "language": 20, "created": "2010-09-01 11:29:47", "string_hash": "f31fd7b65b58eb7d2ede67f0be5524f3", "rule": 1, "last_update": "2010-09-01 11:29:47", "user": null}}, {"pk": 61, "model": "resources.translation", "fields": {"source_entity": 4, "resource": 2, "string": "Siirto-operaatio alkaa...", "language": 27, "created": "2010-09-01 11:29:51", "string_hash": "3b28f95e32db790996d81248be660079", "rule": 5, "last_update": "2010-09-01 11:29:51", "user": null}}, {"pk": 62, "model": "resources.translation", "fields": {"source_entity": 5, "resource": 2, "string": "K\u00e4ytt\u00e4j\u00e4 keskeytti operaation.", "language": 27, "created": "2010-09-01 11:29:51", "string_hash": "2bb734c09a289d2b8a4bc3762620912e", "rule": 5, "last_update": "2010-09-01 11:29:51", "user": null}}, {"pk": 65, "model": "resources.translation", "fields": {"source_entity": 7, "resource": 2, "string": "Kopioidaan '%1' nimell\u00e4 '%2' kansioon '%3'.", "language": 27, "created": "2010-09-01 11:29:51", "string_hash": "25e522a8c2afda58508f370c741a64d6", "rule": 5, "last_update": "2010-09-01 11:29:51", "user": null}}, {"pk": 66, "model": "resources.translation", "fields": {"source_entity": 8, "resource": 2, "string": "Suomi", "language": 27, "created": "2010-09-01 11:29:51", "string_hash": "c331c6852ab45365c4eaef7e87121d80", "rule": 5, "last_update": "2010-09-01 11:29:51", "user": null}}, {"pk": 67, "model": "resources.translation", "fields": {"source_entity": 9, "resource": 2, "string": "Kohdekansiota '%1' ei voitu luoda.", "language": 27, "created": "2010-09-01 11:29:51", "string_hash": "4fc71b28a1e75495533110b90cd9dfe4", "rule": 5, "last_update": "2010-09-01 11:29:51", "user": null}}, {"pk": 68, "model": "resources.translation", "fields": {"source_entity": 10, "resource": 2, "string": "L\u00e4hdekansio(t)/tiedosto(t):\n", "language": 27, "created": "2010-09-01 11:29:51", "string_hash": "fcdde6aaa99a510655b12325c19355d1", "rule": 5, "last_update": "2010-09-01 11:29:51", "user": null}}, {"pk": 69, "model": "resources.translation", "fields": {"source_entity": 11, "resource": 2, "string": "Kohdekansio:\n", "language": 27, "created": "2010-09-01 11:29:51", "string_hash": "48178aa695949420b7adf1e5be137260", "rule": 5, "last_update": "2010-09-01 11:29:51", "user": null}}, {"pk": 70, "model": "resources.translation", "fields": {"source_entity": 12, "resource": 2, "string": "Kohdekansiota ei ole asetettu.", "language": 27, "created": "2010-09-01 11:29:51", "string_hash": "949f057359507e10db8e2fb1e053c507", "rule": 5, "last_update": "2010-09-01 12:18:54", "user": null}}, {"pk": 71, "model": "resources.translation", "fields": {"source_entity": 13, "resource": 2, "string": "L\u00e4hdekansioita/-tiedostoja ei ole asetettu.", "language": 27, "created": "2010-09-01 11:29:51", "string_hash": "58f0ffe76f71a34ac920783e98cc754d", "rule": 5, "last_update": "2010-09-01 11:29:51", "user": null}}, {"pk": 72, "model": "resources.translation", "fields": {"source_entity": 14, "resource": 2, "string": "Ty\u00f6stet\u00e4\u00e4n...", "language": 27, "created": "2010-09-01 11:29:51", "string_hash": "8f99d021d1e543dc826db2992624e51d", "rule": 5, "last_update": "2010-09-01 11:29:51", "user": null}}, {"pk": 73, "model": "resources.translation", "fields": {"source_entity": 15, "resource": 2, "string": "Keskeyt\u00e4", "language": 27, "created": "2010-09-01 11:29:51", "string_hash": "133e4f8ead500a9c159d53e128a2c04a", "rule": 5, "last_update": "2010-09-01 11:29:51", "user": null}}, {"pk": 74, "model": "resources.translation", "fields": {"source_entity": 16, "resource": 2, "string": "Keskeytet\u00e4\u00e4n...", "language": 27, "created": "2010-09-01 11:29:51", "string_hash": "efd78f6b7f03d6e5580eb60937474a56", "rule": 5, "last_update": "2010-09-01 11:29:51", "user": null}}, {"pk": 75, "model": "resources.translation", "fields": {"source_entity": 17, "resource": 2, "string": "Kopiointi ep\u00e4onnistui (%1).", "language": 27, "created": "2010-09-01 11:29:51", "string_hash": "90ab65cf90b356b638bfbda62dc55a7d", "rule": 5, "last_update": "2010-09-01 11:29:51", "user": null}}, {"pk": 76, "model": "resources.translation", "fields": {"source_entity": 18, "resource": 2, "string": "Alkuper\u00e4isen poisto ep\u00e4onnistui (%1).", "language": 27, "created": "2010-09-01 11:29:51", "string_hash": "e8223a1056726af6d66e57606ac31bbb", "rule": 5, "last_update": "2010-09-01 11:29:51", "user": null}}, {"pk": 77, "model": "resources.translation", "fields": {"source_entity": 19, "resource": 2, "string": "Kuvasin", "language": 27, "created": "2010-09-01 11:29:51", "string_hash": "cdde069899f722e1939a95043a13c006", "rule": 5, "last_update": "2010-09-01 11:29:51", "user": null}}, {"pk": 78, "model": "resources.translation", "fields": {"source_entity": 20, "resource": 2, "string": "Tipauta l\u00e4hdekansio(t)/\n-tiedosto(t) allaolevaan\nkameraikoniin.", "language": 27, "created": "2010-09-01 11:29:51", "string_hash": "b6bc782dc13b16a7d4ea582cac53f38e", "rule": 5, "last_update": "2010-09-01 11:29:51", "user": null}}, {"pk": 79, "model": "resources.translation", "fields": {"source_entity": 21, "resource": 2, "string": "Tipauta kohdekansio\nallaolevaan kansioikoniin.", "language": 27, "created": "2010-09-01 11:29:51", "string_hash": "ffc22f71f90af2960af247e122a84bce", "rule": 5, "last_update": "2010-09-01 11:29:51", "user": null}}, {"pk": 80, "model": "resources.translation", "fields": {"source_entity": 22, "resource": 2, "string": "Tiedostop\u00e4\u00e4tteet", "language": 27, "created": "2010-09-01 11:29:51", "string_hash": "75a6851ca1db3bd081226645ca21327b", "rule": 5, "last_update": "2010-09-01 11:29:51", "user": null}}, {"pk": 81, "model": "resources.translation", "fields": {"source_entity": 23, "resource": 2, "string": "N\u00e4m\u00e4 ovat ne tiedostop\u00e4\u00e4tteet, joita l\u00e4hdekansiosta etsit\u00e4\u00e4n.", "language": 27, "created": "2010-09-01 11:29:51", "string_hash": "a5df7e46720afdcda59c46e6507fad23", "rule": 5, "last_update": "2010-09-01 11:29:51", "user": null}}, {"pk": 82, "model": "resources.translation", "fields": {"source_entity": 24, "resource": 2, "string": "Poista alkuper\u00e4iset", "language": 27, "created": "2010-09-01 11:29:51", "string_hash": "d4fd07a14ee64c32aa815f8862c734e3", "rule": 5, "last_update": "2010-09-01 11:29:51", "user": null}}, {"pk": 83, "model": "resources.translation", "fields": {"source_entity": 25, "resource": 2, "string": "Ohita pikkukuvakehakemistot", "language": 27, "created": "2010-09-01 11:29:51", "string_hash": "b98873d46f751a30820064be5fdbcf45", "rule": 5, "last_update": "2010-09-01 11:29:51", "user": null}}, {"pk": 84, "model": "resources.translation", "fields": {"source_entity": 26, "resource": 2, "string": "K\u00e4yt\u00e4 olemassaolevia kansioita", "language": 27, "created": "2010-09-01 11:29:51", "string_hash": "b252ba4a262e0aabaa7a69de524ddea3", "rule": 5, "last_update": "2010-09-01 11:29:51", "user": null}}, {"pk": 85, "model": "resources.translation", "fields": {"source_entity": 27, "resource": 2, "string": "Hae kuvia my\u00f6s alikansioista", "language": 27, "created": "2010-09-01 11:29:51", "string_hash": "30b294ab8c74987cc7db1d99d4894f63", "rule": 5, "last_update": "2010-09-01 11:29:51", "user": null}}, {"pk": 86, "model": "resources.translation", "fields": {"source_entity": 28, "resource": 2, "string": "&amp;Siirr\u00e4", "language": 27, "created": "2010-09-01 11:29:51", "string_hash": "6570adc29a37d2286ea28119328a12e6", "rule": 5, "last_update": "2010-09-01 11:29:51", "user": null}}, {"pk": 87, "model": "resources.translation", "fields": {"source_entity": 29, "resource": 2, "string": "&amp;Poistu", "language": 27, "created": "2010-09-01 11:29:51", "string_hash": "3b5cbc2642869b42f24b8e01e1ca517e", "rule": 5, "last_update": "2010-09-01 11:29:51", "user": null}}, {"pk": 88, "model": "resources.translation", "fields": {"source_entity": 30, "resource": 2, "string": "Ohjelma poistaa alkuper\u00e4iset kuvat, mik\u00e4li t\u00e4ss\u00e4 on rasti.", "language": 27, "created": "2010-09-01 11:29:51", "string_hash": "bdb352991e1483a9a44ae1064f9b1645", "rule": 5, "last_update": "2010-09-01 11:29:51", "user": null}}, {"pk": 89, "model": "resources.translation", "fields": {"source_entity": 31, "resource": 2, "string": "Jos t\u00e4ss\u00e4 on rasti, ohjelma ohittaa oletetun pikkukuvakehakemiston\nKAIKKINE alihakemistoineen. Kyseess\u00e4 olevat pikkukuvakkeet ovat\nl\u00e4hdehakemistossa &quot;&quot;_PAlbTN&quot;&quot;. Koskee l\u00e4hinn\u00e4 Nokia S60 -puhelimia.", "language": 27, "created": "2010-09-01 11:29:51", "string_hash": "36f28b6339490b0e50da81e1000125e8", "rule": 5, "last_update": "2010-09-01 11:29:51", "user": null}}, {"pk": 90, "model": "resources.translation", "fields": {"source_entity": 32, "resource": 2, "string": "Jos kohdekansiosta l\u00f6ytyy samalla aikaleimalla varustettu\nalikansio, k\u00e4ytet\u00e4\u00e4n sit\u00e4 kuvan lopullisena kohdekansiona.", "language": 27, "created": "2010-09-01 11:29:51", "string_hash": "8c07498e012f087de0a2d39f2c56abb0", "rule": 5, "last_update": "2010-09-01 11:29:51", "user": null}}, {"pk": 91, "model": "resources.translation", "fields": {"source_entity": 33, "resource": 2, "string": "Ohjelma hakee tiedostoja my\u00f6s l\u00e4hdekansion alaisista\nkansioista mik\u00e4li t\u00e4ss\u00e4 on rasti.", "language": 27, "created": "2010-09-01 11:29:51", "string_hash": "8eec81d0e0b35f0497775a0996722be7", "rule": 5, "last_update": "2010-09-01 11:29:51", "user": null}}, {"pk": 92, "model": "resources.translation", "fields": {"source_entity": 34, "resource": 2, "string": "Tallettaa oheiset asetukset seuraavaa kertaa varten.", "language": 27, "created": "2010-09-01 11:29:51", "string_hash": "cdc53111800fd2d2f00a2d93eb3b8a55", "rule": 5, "last_update": "2010-09-01 11:29:51", "user": null}}, {"pk": 93, "model": "resources.translation", "fields": {"source_entity": 35, "resource": 2, "string": "&amp;Talleta asetukset", "language": 27, "created": "2010-09-01 11:29:51", "string_hash": "aeb8251e9390215793eda46718300e11", "rule": 5, "last_update": "2010-09-01 11:29:51", "user": null}}, {"pk": 94, "model": "resources.translation", "fields": {"source_entity": 36, "resource": 2, "string": "T\u00e4ss\u00e4 kent\u00e4ss\u00e4 n\u00e4kyy jos jonninmoisia viestej\u00e4 ohjelmalta.", "language": 27, "created": "2010-09-01 11:29:51", "string_hash": "0ae9370b9ad8df479737111bc55349b6", "rule": 5, "last_update": "2010-09-01 11:29:51", "user": null}}, {"pk": 95, "model": "resources.translation", "fields": {"source_entity": 37, "resource": 2, "string": "Aloittaa kuvien siirron.", "language": 27, "created": "2010-09-01 11:29:51", "string_hash": "94b5da3a34b3a0e2560c2bd3c5c61d68", "rule": 5, "last_update": "2010-09-01 11:29:51", "user": null}}, {"pk": 96, "model": "resources.translation", "fields": {"source_entity": 38, "resource": 2, "string": "Sulkee t\u00e4m\u00e4n ohjelman.", "language": 27, "created": "2010-09-01 11:29:51", "string_hash": "371c5b8ccb32f17c3d0e77f85aebd06a", "rule": 5, "last_update": "2010-09-01 11:29:51", "user": null}}, {"pk": 97, "model": "resources.translation", "fields": {"source_entity": 39, "resource": 2, "string": "Ohjelman kieli", "language": 27, "created": "2010-09-01 11:29:51", "string_hash": "b843b0dfe7f500eb0b67d424cd0064d5", "rule": 5, "last_update": "2010-09-01 11:29:51", "user": null}}, {"pk": 98, "model": "resources.translation", "fields": {"source_entity": 40, "resource": 2, "string": "T\u00e4st\u00e4 listasta voi valita ohjelman k\u00e4ytt\u00f6liittym\u00e4n kieli.", "language": 27, "created": "2010-09-01 11:29:51", "string_hash": "89c3e1b3992b68a9780be010168241ba", "rule": 5, "last_update": "2010-09-01 11:29:51", "user": null}}, {"pk": 99, "model": "resources.translation", "fields": {"source_entity": 41, "resource": 2, "string": "As&amp;etukset", "language": 27, "created": "2010-09-01 11:29:51", "string_hash": "085d2a382b977d8b236d14b2279c89c4", "rule": 5, "last_update": "2010-09-01 11:29:51", "user": null}}, {"pk": 100, "model": "resources.translation", "fields": {"source_entity": 42, "resource": 2, "string": "jpg, jpg, jpeg, mpg, mpeg, mov, tif, 3gp, raw, mp4", "language": 27, "created": "2010-09-01 11:29:51", "string_hash": "988f2ee923971e0ea9718da3fbcd99f2", "rule": 5, "last_update": "2010-09-01 11:29:51", "user": null}}, {"pk": 101, "model": "resources.translation", "fields": {"source_entity": 43, "resource": 2, "string": "Talletetut:", "language": 27, "created": "2010-09-01 11:29:51", "string_hash": "9e414286f16edbb806cd4aa496ee0e6a", "rule": 5, "last_update": "2010-09-01 11:29:51", "user": null}}, {"pk": 102, "model": "resources.translation", "fields": {"source_entity": 44, "resource": 2, "string": "T\u00e4m\u00e4 tipautusalue vastaanottaa yhden objektin kerrallaan.", "language": 27, "created": "2010-09-01 11:29:51", "string_hash": "4d3329416810210c5d9241c60911e363", "rule": 5, "last_update": "2010-09-01 11:29:51", "user": null}}, {"pk": 103, "model": "resources.translation", "fields": {"source_entity": 45, "resource": 2, "string": "T\u00e4m\u00e4 tipautusalue hyv\u00e4ksyy vain tiedostoja. '%1' on kansio.", "language": 27, "created": "2010-09-01 11:29:51", "string_hash": "4c6ebd9daf98220c365ea204cc496659", "rule": 5, "last_update": "2010-09-01 11:29:51", "user": null}}, {"pk": 104, "model": "resources.translation", "fields": {"source_entity": 46, "resource": 2, "string": "T\u00e4m\u00e4 tipautusalue hyv\u00e4ksyy vain kansoita. '%1' on tiedosto.", "language": 27, "created": "2010-09-01 11:29:51", "string_hash": "05f5828579d55d2cc0832fce5d8cb09e", "rule": 5, "last_update": "2010-09-01 11:29:51", "user": null}}, {"pk": 7, "model": "resources.translation", "fields": {"source_entity": 3, "resource": 1, "string": "\u0644\u0627 \u0646\u062a\u0627\u0626\u062c", "language": 3, "created": "2010-09-01 11:09:30", "string_hash": "15d7503999e2f5e29d787f1b3cb5854c", "rule": 0, "last_update": "2010-09-01 11:09:30", "user": null}}, {"pk": 13, "model": "resources.translation", "fields": {"source_entity": 1, "resource": 1, "string": "Usu\u00e1rio", "language": 70, "created": "2010-09-01 11:09:31", "string_hash": "aa8672d1e4ee44aeef7d095963865f56", "rule": 5, "last_update": "2010-09-01 11:09:31", "user": null}}, {"pk": 14, "model": "resources.translation", "fields": {"source_entity": 2, "resource": 1, "string": "A\u00e7\u00e3o", "language": 70, "created": "2010-09-01 11:09:31", "string_hash": "369b1710073ecd32e2648f40437337b2", "rule": 5, "last_update": "2010-09-01 11:09:31", "user": null}}, {"pk": 63, "model": "resources.translation", "fields": {"source_entity": 6, "resource": 2, "string": "Yksi (%n) tiedosto siirretty.", "language": 27, "created": "2010-09-01 11:29:51", "string_hash": "9c293efd108fd5418401cac25e7b25bf", "rule": 1, "last_update": "2010-09-01 11:29:51", "user": null}}, {"pk": 8, "model": "resources.translation", "fields": {"source_entity": 3, "resource": 1, "string": "\u0646\u062a\u064a\u062c\u0629 \u0648\u0627\u062d\u062f\u0629", "language": 3, "created": "2010-09-01 11:09:30", "string_hash": "7d0221b75b2bf9c774f38d0b8daf5caf", "rule": 1, "last_update": "2010-09-01 11:09:30", "user": null}}, {"pk": 64, "model": "resources.translation", "fields": {"source_entity": 6, "resource": 2, "string": "%n tiedostoa siirretty.", "language": 27, "created": "2010-09-01 11:29:51", "string_hash": "57cc2769c85bbe05ef4269fa64220177", "rule": 5, "last_update": "2010-09-01 11:29:51", "user": null}}, {"pk": 9, "model": "resources.translation", "fields": {"source_entity": 3, "resource": 1, "string": "\u0646\u062a\u064a\u062c\u062a\u064a\u0646", "language": 3, "created": "2010-09-01 11:09:30", "string_hash": "38861d4cd4aba3c3e9614e0e76de6eac", "rule": 2, "last_update": "2010-09-01 11:09:30", "user": null}}, {"pk": 10, "model": "resources.translation", "fields": {"source_entity": 3, "resource": 1, "string": "{0} \u0646\u062a\u0627\u0626\u062c", "language": 3, "created": "2010-09-01 11:09:30", "string_hash": "094de9c7162f1f855700c1a1b305701f", "rule": 3, "last_update": "2010-09-01 11:09:30", "user": null}}, {"pk": 11, "model": "resources.translation", "fields": {"source_entity": 3, "resource": 1, "string": "{0} \u0646\u062a\u064a\u062c\u0629", "language": 3, "created": "2010-09-01 11:09:30", "string_hash": "d1f374c011e1b79f8babfffa35e32314", "rule": 4, "last_update": "2010-09-01 11:09:30", "user": null}}, {"pk": 12, "model": "resources.translation", "fields": {"source_entity": 3, "resource": 1, "string": "{0} \u0646\u062a\u064a\u062c\u0629", "language": 3, "created": "2010-09-01 11:09:30", "string_hash": "d1f374c011e1b79f8babfffa35e32314", "rule": 5, "last_update": "2010-09-01 11:09:30", "user": null}}, {"pk": 15, "model": "resources.translation", "fields": {"source_entity": 3, "resource": 1, "string": "{0} resultado", "language": 70, "created": "2010-09-01 11:09:31", "string_hash": "e0fdb8630b1fca9248ddbabac98c674c", "rule": 1, "last_update": "2010-09-01 11:09:31", "user": null}}, {"pk": 16, "model": "resources.translation", "fields": {"source_entity": 3, "resource": 1, "string": "{0} resultados", "language": 70, "created": "2010-09-01 11:09:31", "string_hash": "539f18c816046d4871c19e193d20eddb", "rule": 5, "last_update": "2010-09-01 11:09:31", "user": null}}, {"pk": 1, "model": "resources.template", "fields": {"content": "# FIRST AUTHOR <EMAIL@ADDRESS>, YEAR.\n# \nmsgid \"\"\nmsgstr \"\"\n\"Project-Id-Version: PACKAGE VERSION\\n\"\n\"Report-Msgid-Bugs-To: \\n\"\n\"POT-Creation-Date: 2010-06-08 10:12+0300\\n\"\n\"PO-Revision-Date: YEAR-MO-DA HO:MI+ZONE\\n\"\n\"Last-Translator: FULL NAME <EMAIL@ADDRESS>\\n\"\n\"Language-Team: LANGUAGE <LL@li.org>\\n\"\n\"MIME-Version: 1.0\\n\"\n\"Content-Type: text/plain; charset=UTF-8\\n\"\n\"Content-Transfer-Encoding: 8bit\\n\"\n\n#: actionlog/templates/object_action_list.html:7 txpermissions/forms.py:18\nmsgid \"User\"\nmsgstr \"8f9bfe9d1345237cb3b2b205864da075_tr\"\n\n#: actionlog/templates/object_action_list.html:8\nmsgid \"Action\"\nmsgstr \"004bf6c9a40003140292e97330236c53_tr\"\n\n#: foo/templates/bar.html:180\nmsgid \"{0} result\"\nmsgid_plural \"{0} results\"\nmsgstr[0] \"8a804237321d3811aacb022bf57ec95d_pl_0\"\nmsgstr[1] \"8a804237321d3811aacb022bf57ec95d_pl_1\"\n", "resource": 1}}, {"pk": 2, "model": "resources.template", "fields": {"content": "<?xml version=\"1.0\" ?><!DOCTYPE TS><TS language=\"en\" version=\"2.0\">\n<context>\n    <name>Kuvasin</name>\n    <message>\n        <location filename=\"kuvasin.cpp\" line=\"115\"/>\n        <source>PROCESSING START...</source>\n        <translation>06c85dc619977203eb9e21123ae1c6d1_tr</translation>\n    </message>\n    <message>\n        <location filename=\"kuvasin.cpp\" line=\"136\"/>\n        <source>USER ABORT.</source>\n        <translation>e4f4ff21f2c80c28c5f1bf938d9085ae_tr</translation>\n    </message>\n    <message numerus=\"yes\">\n        <location filename=\"kuvasin.cpp\" line=\"140\"/>\n        <source>%n FILES PROCESSED.</source>\n        <translation>\n            <numerusform>575aa9a0187f8e65e456d18fbcdbf3f7_pl_0</numerusform>\n            <numerusform>575aa9a0187f8e65e456d18fbcdbf3f7_pl_1</numerusform>\n        </translation>\n    </message>\n    <message>\n        <location filename=\"kuvasin.cpp\" line=\"397\"/>\n        <source>COPYING '%1' AS '%2' TO '%3'.</source>\n        <translation>a16aa51e096c01df13e70c2eb34b3ad8_tr</translation>\n    </message>\n    <message>\n        <location filename=\"kuvasin.cpp\" line=\"491\"/>\n        <source>LANGUAGE NAME</source>\n        <translation>fa316dbd981579691726fe519d22af33_tr</translation>\n    </message>\n    <message>\n        <location filename=\"kuvasin.cpp\" line=\"373\"/>\n        <source>TARGET DIR '%1' CREATION FAILED.</source>\n        <translation>293382065b6e50d4485d965f5bf8f3c9_tr</translation>\n    </message>\n    <message>\n        <location filename=\"kuvasin.cpp\" line=\"35\"/>\n        <source>SOURCE FOLDER(S)/FILE(S):\n</source>\n        <translation>786769d2eb5edb406ace0d4500494fa1_tr</translation>\n    </message>\n    <message>\n        <location filename=\"kuvasin.cpp\" line=\"36\"/>\n        <source>TARGET FOLDER:\n</source>\n        <translation>57361a85faa28ab1af250685a2f7a99d_tr</translation>\n    </message>\n    <message>\n        <location filename=\"kuvasin.cpp\" line=\"87\"/>\n        <source>TARGET NOT SET.</source>\n        <oldsource>TARGET NOT SET</oldsource>\n        <translation>aaef49c8a0dd69cfbe6625dec60c39c1_tr</translation>\n    </message>\n    <message>\n        <location filename=\"kuvasin.cpp\" line=\"92\"/>\n        <source>SOURCE(S) NOT SET.</source>\n        <oldsource>SOURCE(S) NOT SET</oldsource>\n        <translation>b4d39df666d40b1492c5e98a775a5451_tr</translation>\n    </message>\n    <message>\n        <location filename=\"kuvasin.cpp\" line=\"101\"/>\n        <source>PROCESSING...</source>\n        <translation>55c2311c893906f7b78c542a9fa6e328_tr</translation>\n    </message>\n    <message>\n        <location filename=\"kuvasin.cpp\" line=\"101\"/>\n        <source>CANCEL</source>\n        <translation>2027c027133e22c8929e2874dc44dd36_tr</translation>\n    </message>\n    <message>\n        <location filename=\"kuvasin.cpp\" line=\"412\"/>\n        <source>CANCELLING...</source>\n        <translation>543b575faacd593091d52245d85f107e_tr</translation>\n    </message>\n    <message>\n        <location filename=\"kuvasin.cpp\" line=\"425\"/>\n        <source>COPY FAILED FOR '%1'.</source>\n        <translation>133cffdf3349bf02d24024fd719b28a8_tr</translation>\n    </message>\n    <message>\n        <location filename=\"kuvasin.cpp\" line=\"455\"/>\n        <source>DEL FAILED FOR '%1'.</source>\n        <translation>ab3b018800a58f4d77b2c4fa8b10a691_tr</translation>\n    </message>\n</context>\n<context>\n    <name>KuvasinClass</name>\n    <message>\n        <location filename=\"kuvasin.ui\" line=\"20\"/>\n        <location filename=\"ui_kuvasin.h\" line=\"244\"/>\n        <source>Kuvasin</source>\n        <translation>cdde069899f722e1939a95043a13c006_tr</translation>\n    </message>\n    <message>\n        <location filename=\"kuvasin.ui\" line=\"32\"/>\n        <location filename=\"ui_kuvasin.h\" line=\"245\"/>\n        <source>LABEL SOURCE FOLDER.</source>\n        <oldsource>LABEL SOURCE FOLDER</oldsource>\n        <translation>9cb526c0f9be6788f09c1143145dc646_tr</translation>\n    </message>\n    <message>\n        <location filename=\"kuvasin.ui\" line=\"45\"/>\n        <location filename=\"ui_kuvasin.h\" line=\"246\"/>\n        <source>LABEL TARGET FOLDER.</source>\n        <oldsource>LABEL TARGET FOLDER</oldsource>\n        <translation>7e27553bf03c1b7ea2c2db84a6880c06_tr</translation>\n    </message>\n    <message>\n        <location filename=\"kuvasin.ui\" line=\"174\"/>\n        <location filename=\"ui_kuvasin.h\" line=\"258\"/>\n        <source>GOOD EXTENSIONS</source>\n        <translation>b93fb21030ee1dd479ae19d26128b6f9_tr</translation>\n    </message>\n    <message>\n        <location filename=\"kuvasin.ui\" line=\"190\"/>\n        <location filename=\"ui_kuvasin.h\" line=\"260\"/>\n        <source>GOOD EXTENSIONS TOOL TIP.</source>\n        <translation>eb60c285535549da8584c83ca77a7992_tr</translation>\n    </message>\n    <message>\n        <location filename=\"kuvasin.ui\" line=\"205\"/>\n        <location filename=\"ui_kuvasin.h\" line=\"266\"/>\n        <source>CHECK BOX REMOVE ORIGINALS</source>\n        <translation>5c7e2102fbdea71ea47ddbc23d349c73_tr</translation>\n    </message>\n    <message>\n        <location filename=\"kuvasin.ui\" line=\"215\"/>\n        <location filename=\"ui_kuvasin.h\" line=\"270\"/>\n        <source>CHECK BOX  IGNORE PALBTN</source>\n        <translation>b60c404621d56ace8a4ada1ea8c99a21_tr</translation>\n    </message>\n    <message>\n        <location filename=\"kuvasin.ui\" line=\"235\"/>\n        <location filename=\"ui_kuvasin.h\" line=\"278\"/>\n        <source>CHECK BOX TARGET DIRECTORY REUSAL</source>\n        <translation>7d4a1c7d51a44f33e0d0892063d2a035_tr</translation>\n    </message>\n    <message>\n        <location filename=\"kuvasin.ui\" line=\"225\"/>\n        <location filename=\"ui_kuvasin.h\" line=\"274\"/>\n        <source>CHECK BOX RECURSIVE</source>\n        <translation>17dca366d9bef6b559342d948f34116e_tr</translation>\n    </message>\n    <message>\n        <location filename=\"kuvasin.ui\" line=\"119\"/>\n        <location filename=\"ui_kuvasin.h\" line=\"252\"/>\n        <source>ST&amp;ART</source>\n        <oldsource>START</oldsource>\n        <translation>cd7ccf67b799b1401bae54afb70b75c0_tr</translation>\n    </message>\n    <message>\n        <location filename=\"kuvasin.ui\" line=\"138\"/>\n        <location filename=\"ui_kuvasin.h\" line=\"256\"/>\n        <source>E&amp;XIT</source>\n        <oldsource>EXIT</oldsource>\n        <translation>90337b66a13f086af0fb9e11ab034e52_tr</translation>\n    </message>\n    <message>\n        <location filename=\"kuvasin.ui\" line=\"202\"/>\n        <location filename=\"ui_kuvasin.h\" line=\"264\"/>\n        <source>REMOVE ORIGINALS TOOL TIP.</source>\n        <translation>489d09c26eb444c85da2d093f5611dee_tr</translation>\n    </message>\n    <message>\n        <location filename=\"kuvasin.ui\" line=\"212\"/>\n        <location filename=\"ui_kuvasin.h\" line=\"268\"/>\n        <source>IGNORE PALBTN TOOL TIP.</source>\n        <translation>bce3ac41b732eae41bcc7be62e459be5_tr</translation>\n    </message>\n    <message>\n        <location filename=\"kuvasin.ui\" line=\"232\"/>\n        <location filename=\"ui_kuvasin.h\" line=\"276\"/>\n        <source>TARGET DIRECTORY REUSAL TOOL TIP.</source>\n        <translation>57cfdb2457462b6bc37b4880469222fb_tr</translation>\n    </message>\n    <message>\n        <location filename=\"kuvasin.ui\" line=\"222\"/>\n        <location filename=\"ui_kuvasin.h\" line=\"272\"/>\n        <source>RECURSIVE SEARCH TOOL TIP.</source>\n        <translation>8b32a8cb3e2a4b12f369fe9899fe1830_tr</translation>\n    </message>\n    <message>\n        <location filename=\"kuvasin.ui\" line=\"248\"/>\n        <location filename=\"ui_kuvasin.h\" line=\"280\"/>\n        <source>SAVE SETTINGS TOOL TIP.</source>\n        <translation>cfcad277eda979c80c75e8aa3ed8e628_tr</translation>\n    </message>\n    <message>\n        <location filename=\"kuvasin.ui\" line=\"251\"/>\n        <location filename=\"ui_kuvasin.h\" line=\"282\"/>\n        <source>&amp;SAVE SETTINGS</source>\n        <translation>5e71483c09558b4b5a978dc047a10630_tr</translation>\n    </message>\n    <message>\n        <location filename=\"kuvasin.ui\" line=\"284\"/>\n        <location filename=\"ui_kuvasin.h\" line=\"288\"/>\n        <source>LOG TOOL TIP.</source>\n        <translation>20304f99aafc250dddac8637bfcede44_tr</translation>\n    </message>\n    <message>\n        <location filename=\"kuvasin.ui\" line=\"116\"/>\n        <location filename=\"ui_kuvasin.h\" line=\"250\"/>\n        <source>START TRANSFER TOOL TIP.</source>\n        <translation>b134a10de5d50125a99e608ff58b9251_tr</translation>\n    </message>\n    <message>\n        <location filename=\"kuvasin.ui\" line=\"135\"/>\n        <location filename=\"ui_kuvasin.h\" line=\"254\"/>\n        <source>EXIT APP TOOL TIP.</source>\n        <translation>8457c97a686069bf987bbd3588517777_tr</translation>\n    </message>\n    <message>\n        <location filename=\"kuvasin.ui\" line=\"260\"/>\n        <location filename=\"ui_kuvasin.h\" line=\"283\"/>\n        <source>LABEL APP LANGUAGE</source>\n        <translation>b42453bfe2aab50bcf0708af39065b32_tr</translation>\n    </message>\n    <message>\n        <location filename=\"kuvasin.ui\" line=\"273\"/>\n        <location filename=\"ui_kuvasin.h\" line=\"285\"/>\n        <source>LANGUAGE COMBO TOOL TIP.</source>\n        <translation>8687613b9f8b2083f141c3d4e101b067_tr</translation>\n    </message>\n    <message>\n        <location filename=\"kuvasin.ui\" line=\"147\"/>\n        <location filename=\"ui_kuvasin.h\" line=\"257\"/>\n        <source>S&amp;ETTINGS</source>\n        <translation>0085351c5c48aa0d0f6e46511eebdd18_tr</translation>\n    </message>\n    <message>\n        <location filename=\"kuvasin.ui\" line=\"193\"/>\n        <location filename=\"ui_kuvasin.h\" line=\"262\"/>\n        <source>GOOD EXTENSIONS LIST</source>\n        <translation>9a086ed7331bf6092285d9af65698ff6_tr</translation>\n    </message>\n</context>\n<context>\n    <name>QLabelDropTarget</name>\n    <message>\n        <location filename=\"qlabeldroptarget.cpp\" line=\"8\"/>\n        <source>ITEMS:</source>\n        <translation>7ed9a551599af6e2cf7a642b3773787d_tr</translation>\n    </message>\n    <message>\n        <location filename=\"qlabeldroptarget.cpp\" line=\"46\"/>\n        <source>SINGLE ITEM ONLY, PLEASE.</source>\n        <extracomment>Multiple items are being dragged over this widget, show a note that it won't be accepted.</extracomment>\n        <translation>f78f7c7698097bafce55f821c4906e70_tr</translation>\n    </message>\n    <message>\n        <location filename=\"qlabeldroptarget.cpp\" line=\"68\"/>\n        <source>MISMATCH: FOLDER '%1'.</source>\n        <extracomment>Widget accepts only files, and now it is being offered a directory.</extracomment>\n        <translation>af484542bf464d18a134f2ca710b6485_tr</translation>\n    </message>\n    <message>\n        <location filename=\"qlabeldroptarget.cpp\" line=\"78\"/>\n        <source>MISMATCH: FILE '%1'.</source>\n        <extracomment>Widget accepts only directories, and now it is being offered a file.</extracomment>\n        <translation>649bbf7cb5c2893685633a66e9cce5dd_tr</translation>\n    </message>\n</context>\n</TS>", "resource": 2}}]
