[
  {
    "pk": 7, 
    "model": "projects.project", 
    "fields": {
      "feed": "", 
      "description": "Command line tool for setting up authentication from network services", 
      "created": "2008-10-08", 
      "long_description_html": "", 
      "tags": "nis", 
      "enabled": true, 
      "modified": "2008-11-20 23:28:03", 
      "slug": "authconfig", 
      "collections": [
        1
      ], 
      "hidden": false, 
      "homepage": "https://fedorahosted.org/authconfig", 
      "long_description": "", 
      "name": "Authconfig (hg)"
    }
  }, 
  {
    "pk": 9, 
    "model": "projects.project", 
    "fields": {
      "feed": "", 
      "description": "Avant Window Navigator (Awn) is a dock-like bar which sits at the bottom of the screen.", 
      "created": "2008-10-09", 
      "long_description_html": "", 
      "tags": "", 
      "enabled": true, 
      "modified": "2008-10-22 17:37:24", 
      "slug": "awn", 
      "collections": [], 
      "hidden": false, 
      "homepage": "http://launchpad.net/awn", 
      "long_description": "", 
      "name": "Avant Window Navigator (bzr)"
    }
  }, 
  {
    "pk": 2, 
    "model": "projects.project", 
    "fields": {
      "feed": "", 
      "description": "Release Notes for Fedora", 
      "created": "2008-09-19", 
      "long_description_html": "<p>Hi. I&#39;m the <strong>Release Notes</strong> for Fedora.\n</p>", 
      "tags": "docs", 
      "enabled": true, 
      "modified": "2008-11-20 23:28:50", 
      "slug": "release-notes", 
      "collections": [
        1
      ], 
      "hidden": false, 
      "homepage": "https://fedorahosted.org/release-notes/", 
      "long_description": "Hi. I'm the **Release Notes** for Fedora.", 
      "name": "Release Notes (git)"
    }
  }, 
  {
    "pk": 10, 
    "model": "projects.project", 
    "fields": {
      "feed": "", 
      "description": "This is switchdesk, our CVS testing module", 
      "created": "2008-10-16", 
      "long_description_html": "", 
      "tags": "desktops", 
      "enabled": true, 
      "modified": "2008-11-20 23:29:01", 
      "slug": "switchdesk", 
      "collections": [
        1
      ], 
      "hidden": false, 
      "homepage": "", 
      "long_description": "", 
      "name": "Switchdesk (cvs)"
    }
  }, 
  {
    "pk": 8, 
    "model": "projects.project", 
    "fields": {
      "feed": "", 
      "description": "Desktop Input Method configuration tool", 
      "created": "2008-10-08", 
      "long_description_html": "<p>Desktop Input Method configuration tool\n</p>", 
      "tags": "", 
      "enabled": true, 
      "modified": "2008-10-22 17:37:31", 
      "slug": "im-chooser", 
      "collections": [], 
      "hidden": false, 
      "homepage": "https://fedorahosted.org/im-chooser", 
      "long_description": "Desktop Input Method configuration tool", 
      "name": "im-chooser (svn)"
    }
  }, 
  {
    "pk": 5, 
    "model": "projects.component", 
    "fields": {
      "slug": "02", 
      "description": "Top of project devel", 
      "releases": [], 
      "created": "2008-10-09", 
      "enabled": true, 
      "i18n_type": "POT", 
      "file_filter": "po/.*", 
      "modified": "2008-10-22 17:37:24", 
      "long_description": "", 
      "project": 9, 
      "long_description_html": "", 
      "full_name": "awn.02", 
      "hidden": false, 
      "source_lang": "en", 
      "unit": 5, 
      "name": "0.2"
    }
  }, 
  {
    "pk": 6, 
    "model": "projects.component", 
    "fields": {
      "slug": "head", 
      "description": "", 
      "releases": [
        1
      ], 
      "created": "2008-10-16", 
      "enabled": true, 
      "i18n_type": "POT", 
      "file_filter": "", 
      "modified": "2008-11-20 23:29:01", 
      "long_description": "", 
      "project": 10, 
      "long_description_html": "", 
      "full_name": "switchdesk.head", 
      "hidden": false, 
      "source_lang": "en", 
      "unit": 6, 
      "name": "HEAD"
    }
  }, 
  {
    "pk": 1, 
    "model": "projects.component", 
    "fields": {
      "slug": "master", 
      "description": "Release Notes for Fedora", 
      "releases": [
        1
      ], 
      "created": "2008-10-03", 
      "enabled": true, 
      "i18n_type": "POT", 
      "file_filter": "po/.*", 
      "modified": "2008-11-20 23:28:50", 
      "long_description": "", 
      "project": 2, 
      "long_description_html": "", 
      "full_name": "release-notes.master", 
      "hidden": false, 
      "source_lang": "en", 
      "unit": 1, 
      "name": "Master"
    }
  }, 
  {
    "pk": 4, 
    "model": "projects.component", 
    "fields": {
      "slug": "trunk", 
      "description": "Top of project devel", 
      "releases": [], 
      "created": "2008-10-08", 
      "enabled": true, 
      "i18n_type": "POT", 
      "file_filter": "po/.*", 
      "modified": "2008-10-22 17:37:31", 
      "long_description": "", 
      "project": 8, 
      "long_description_html": "", 
      "full_name": "im-chooser.trunk", 
      "hidden": false, 
      "source_lang": "en", 
      "unit": 4, 
      "name": "Trunk"
    }
  }, 
  {
    "pk": 3, 
    "model": "projects.component", 
    "fields": {
      "slug": "tip", 
      "description": "Top of project devel", 
      "releases": [], 
      "created": "2008-10-08", 
      "enabled": true, 
      "i18n_type": "POT", 
      "file_filter": "po/.*", 
      "modified": "2008-11-20 23:28:03", 
      "long_description": "", 
      "project": 7, 
      "long_description_html": "", 
      "full_name": "authconfig.tip", 
      "hidden": false, 
      "source_lang": "en", 
      "unit": 3, 
      "name": "tip"
    }
  }, 
  {
    "pk": 1, 
    "model": "txcollections.collection", 
    "fields": {
      "description": "The Fedora Linux distribution", 
      "created": "2008-11-20", 
      "long_description_html": "", 
      "tags": "distro", 
      "enabled": true, 
      "modified": "2008-11-20 23:22:19", 
      "slug": "fedora", 
      "hidden": false, 
      "homepage": "http://fedoraproject.org/", 
      "long_description": "", 
      "name": "Fedora"
    }
  }, 
  {
    "pk": 2, 
    "model": "txcollections.collection", 
    "fields": {
      "description": "The GNOME Desktop and development platform", 
      "created": "2008-11-20", 
      "long_description_html": "", 
      "tags": "desktop", 
      "enabled": true, 
      "modified": "2008-11-20 23:29:30", 
      "slug": "gnome", 
      "hidden": false, 
      "homepage": "http://gnome.org/", 
      "long_description": "", 
      "name": "GNOME"
    }
  }, 
  {
    "pk": 1, 
    "model": "txcollections.collectionrelease", 
    "fields": {
      "long_description_html": "", 
      "description": "The 10th release of Fedora", 
      "created": "2008-11-20", 
      "release_date": "2008-11-25 00:00:00", 
      "enabled": true, 
      "modified": "2008-11-20 23:23:29", 
      "collection": 1, 
      "slug": "10", 
      "stringfreeze_date": null, 
      "hidden": false, 
      "homepage": "http://fedoraproject.org/wiki/Releases/10", 
      "long_description": "", 
      "develfreeze_date": null, 
      "name": "Fedora 10"
    }
  }, 
  {
    "pk": 2, 
    "model": "txcollections.collectionrelease", 
    "fields": {
      "long_description_html": "", 
      "description": "The GNOME release 2.26", 
      "created": "2008-11-21", 
      "release_date": null, 
      "enabled": true, 
      "modified": "2008-11-21 19:25:06", 
      "collection": 2, 
      "slug": "2-26", 
      "stringfreeze_date": null, 
      "hidden": false, 
      "homepage": "", 
      "long_description": "", 
      "develfreeze_date": null, 
      "name": "GNOME 2.26"
    }
  }, 
  {
    "pk": 3, 
    "model": "vcs.unit", 
    "fields": {
      "web_frontend": "", 
      "name": "authconfig.tip", 
      "last_checkout": "2008-11-21 16:26:10", 
      "created": "2008-10-08", 
      "root": "http://hg.fedorahosted.org/hg/authconfig", 
      "modified": "2008-11-21 16:26:10", 
      "branch": "tip", 
      "type": "hg"
    }
  }, 
  {
    "pk": 5, 
    "model": "vcs.unit", 
    "fields": {
      "web_frontend": "", 
      "name": "awn.02", 
      "last_checkout": "2008-11-21 19:23:58", 
      "created": "2008-10-09", 
      "root": "http://bazaar.launchpad.net/~awn-core/awn/0.2/", 
      "modified": "2008-11-21 19:23:58", 
      "branch": "0.2", 
      "type": "bzr"
    }
  }, 
  {
    "pk": 4, 
    "model": "vcs.unit", 
    "fields": {
      "web_frontend": "", 
      "name": "im-chooser.trunk", 
      "last_checkout": "2008-11-21 19:06:31", 
      "created": "2008-10-08", 
      "root": "http://svn.fedorahosted.org/svn/im-chooser", 
      "modified": "2008-11-21 19:06:31", 
      "branch": "trunk", 
      "type": "svn"
    }
  }, 
  {
    "pk": 1, 
    "model": "vcs.unit", 
    "fields": {
      "web_frontend": "", 
      "name": "release-notes.master", 
      "last_checkout": "2008-11-21 19:06:00", 
      "created": "2008-10-08", 
      "root": "git://git.fedorahosted.org/git/docs/release-notes.git", 
      "modified": "2008-11-21 19:06:00", 
      "branch": "master", 
      "type": "git"
    }
  }, 
  {
    "pk": 6, 
    "model": "vcs.unit", 
    "fields": {
      "web_frontend": "http://cvs.fedoraproject.org/viewvc/switchdesk/?root=elvis", 
      "name": "switchdesk.head", 
      "last_checkout": "2008-11-21 19:24:07", 
      "created": "2008-10-16", 
      "root": ":pserver:anonymous@cvs.fedoraproject.org:/cvs/elvis/switchdesk", 
      "modified": "2008-11-21 19:24:07", 
      "branch": "HEAD", 
      "type": "cvs"
    }
  }, 
  {
    "pk": 182, 
    "model": "translations.pofile", 
    "fields": {
      "untrans": 34, 
      "total": 34, 
      "language": 1, 
      "created": "2008-11-21", 
      "trans_perc": 0, 
      "enabled": true, 
      "modified": "2008-11-21 19:06:31", 
      "object_id": 4, 
      "filename": "po/af.po", 
      "content_type": 22, 
      "fuzzy_perc": 0, 
      "untrans_perc": 100, 
      "fuzzy": 0, 
      "trans": 0
    }
  }, 
  {
    "pk": 183, 
    "model": "translations.pofile", 
    "fields": {
      "untrans": 34, 
      "total": 34, 
      "language": 3, 
      "created": "2008-11-21", 
      "trans_perc": 0, 
      "enabled": true, 
      "modified": "2008-11-21 19:06:31", 
      "object_id": 4, 
      "filename": "po/am.po", 
      "content_type": 22, 
      "fuzzy_perc": 0, 
      "untrans_perc": 100, 
      "fuzzy": 0, 
      "trans": 0
    }
  }, 
  {
    "pk": 1, 
    "model": "translations.pofile", 
    "fields": {
      "untrans": 92, 
      "total": 284, 
      "language": 4, 
      "created": "2008-11-21", 
      "trans_perc": 53, 
      "enabled": true, 
      "modified": "2008-11-21 16:26:10", 
      "object_id": 3, 
      "filename": "po/ar.po", 
      "content_type": 22, 
      "fuzzy_perc": 14, 
      "untrans_perc": 32, 
      "fuzzy": 41, 
      "trans": 151
    }
  }, 
  {
    "pk": 184, 
    "model": "translations.pofile", 
    "fields": {
      "untrans": 31, 
      "total": 48, 
      "language": 4, 
      "created": "2008-11-21", 
      "trans_perc": 6, 
      "enabled": true, 
      "modified": "2008-11-21 19:06:31", 
      "object_id": 4, 
      "filename": "po/ar.po", 
      "content_type": 22, 
      "fuzzy_perc": 29, 
      "untrans_perc": 64, 
      "fuzzy": 14, 
      "trans": 3
    }
  }, 
  {
    "pk": 256, 
    "model": "translations.pofile", 
    "fields": {
      "untrans": 23, 
      "total": 75, 
      "language": 4, 
      "created": "2008-11-21", 
      "trans_perc": 69, 
      "enabled": true, 
      "modified": "2008-11-21 19:23:58", 
      "object_id": 5, 
      "filename": "po/ar.po", 
      "content_type": 22, 
      "fuzzy_perc": 0, 
      "untrans_perc": 30, 
      "fuzzy": 0, 
      "trans": 52
    }
  }, 
  {
    "pk": 299, 
    "model": "translations.pofile", 
    "fields": {
      "untrans": 0, 
      "total": 19, 
      "language": 4, 
      "created": "2008-11-21", 
      "trans_perc": 100, 
      "enabled": true, 
      "modified": "2008-11-21 19:24:07", 
      "object_id": 6, 
      "filename": "po/ar.po", 
      "content_type": 22, 
      "fuzzy_perc": 0, 
      "untrans_perc": 0, 
      "fuzzy": 0, 
      "trans": 19
    }
  }, 
  {
    "pk": 2, 
    "model": "translations.pofile", 
    "fields": {
      "untrans": 0, 
      "total": 243, 
      "language": 6, 
      "created": "2008-11-21", 
      "trans_perc": 100, 
      "enabled": true, 
      "modified": "2008-11-21 16:26:10", 
      "object_id": 3, 
      "filename": "po/as.po", 
      "content_type": 22, 
      "fuzzy_perc": 0, 
      "untrans_perc": 0, 
      "fuzzy": 0, 
      "trans": 243
    }
  }, 
  {
    "pk": 142, 
    "model": "translations.pofile", 
    "fields": {
      "untrans": 0, 
      "total": 1056, 
      "language": 6, 
      "created": "2008-11-21", 
      "trans_perc": 100, 
      "enabled": true, 
      "modified": "2008-11-21 19:06:00", 
      "object_id": 1, 
      "filename": "po/as.po", 
      "content_type": 22, 
      "fuzzy_perc": 0, 
      "untrans_perc": 0, 
      "fuzzy": 0, 
      "trans": 1056
    }
  }, 
  {
    "pk": 185, 
    "model": "translations.pofile", 
    "fields": {
      "untrans": 0, 
      "total": 34, 
      "language": 6, 
      "created": "2008-11-21", 
      "trans_perc": 100, 
      "enabled": true, 
      "modified": "2008-11-21 19:06:31", 
      "object_id": 4, 
      "filename": "po/as.po", 
      "content_type": 22, 
      "fuzzy_perc": 0, 
      "untrans_perc": 0, 
      "fuzzy": 0, 
      "trans": 34
    }
  }, 
  {
    "pk": 300, 
    "model": "translations.pofile", 
    "fields": {
      "untrans": 0, 
      "total": 20, 
      "language": 6, 
      "created": "2008-11-21", 
      "trans_perc": 100, 
      "enabled": true, 
      "modified": "2008-11-21 19:24:07", 
      "object_id": 6, 
      "filename": "po/as.po", 
      "content_type": 22, 
      "fuzzy_perc": 0, 
      "untrans_perc": 0, 
      "fuzzy": 0, 
      "trans": 20
    }
  }, 
  {
    "pk": 3, 
    "model": "translations.pofile", 
    "fields": {
      "untrans": 0, 
      "total": 237, 
      "language": 8, 
      "created": "2008-11-21", 
      "trans_perc": 100, 
      "enabled": true, 
      "modified": "2008-11-21 16:26:10", 
      "object_id": 3, 
      "filename": "po/bal.po", 
      "content_type": 22, 
      "fuzzy_perc": 0, 
      "untrans_perc": 0, 
      "fuzzy": 0, 
      "trans": 237
    }
  }, 
  {
    "pk": 186, 
    "model": "translations.pofile", 
    "fields": {
      "untrans": 34, 
      "total": 34, 
      "language": 11, 
      "created": "2008-11-21", 
      "trans_perc": 0, 
      "enabled": true, 
      "modified": "2008-11-21 19:06:31", 
      "object_id": 4, 
      "filename": "po/be.po", 
      "content_type": 22, 
      "fuzzy_perc": 0, 
      "untrans_perc": 100, 
      "fuzzy": 0, 
      "trans": 0
    }
  }, 
  {
    "pk": 301, 
    "model": "translations.pofile", 
    "fields": {
      "untrans": 0, 
      "total": 19, 
      "language": 11, 
      "created": "2008-11-21", 
      "trans_perc": 100, 
      "enabled": true, 
      "modified": "2008-11-21 19:24:07", 
      "object_id": 6, 
      "filename": "po/be.po", 
      "content_type": 22, 
      "fuzzy_perc": 0, 
      "untrans_perc": 0, 
      "fuzzy": 0, 
      "trans": 19
    }
  }, 
  {
    "pk": 4, 
    "model": "translations.pofile", 
    "fields": {
      "untrans": 30, 
      "total": 260, 
      "language": 18, 
      "created": "2008-11-21", 
      "trans_perc": 81, 
      "enabled": true, 
      "modified": "2008-11-21 16:26:10", 
      "object_id": 3, 
      "filename": "po/bg.po", 
      "content_type": 22, 
      "fuzzy_perc": 6, 
      "untrans_perc": 11, 
      "fuzzy": 17, 
      "trans": 213
    }
  }, 
  {
    "pk": 187, 
    "model": "translations.pofile", 
    "fields": {
      "untrans": 26, 
      "total": 45, 
      "language": 18, 
      "created": "2008-11-21", 
      "trans_perc": 17, 
      "enabled": true, 
      "modified": "2008-11-21 19:06:31", 
      "object_id": 4, 
      "filename": "po/bg.po", 
      "content_type": 22, 
      "fuzzy_perc": 24, 
      "untrans_perc": 57, 
      "fuzzy": 11, 
      "trans": 8
    }
  }, 
  {
    "pk": 257, 
    "model": "translations.pofile", 
    "fields": {
      "untrans": 18, 
      "total": 83, 
      "language": 18, 
      "created": "2008-11-21", 
      "trans_perc": 68, 
      "enabled": true, 
      "modified": "2008-11-21 19:23:58", 
      "object_id": 5, 
      "filename": "po/bg.po", 
      "content_type": 22, 
      "fuzzy_perc": 9, 
      "untrans_perc": 21, 
      "fuzzy": 8, 
      "trans": 57
    }
  }, 
  {
    "pk": 302, 
    "model": "translations.pofile", 
    "fields": {
      "untrans": 0, 
      "total": 20, 
      "language": 18, 
      "created": "2008-11-21", 
      "trans_perc": 100, 
      "enabled": true, 
      "modified": "2008-11-21 19:24:07", 
      "object_id": 6, 
      "filename": "po/bg.po", 
      "content_type": 22, 
      "fuzzy_perc": 0, 
      "untrans_perc": 0, 
      "fuzzy": 0, 
      "trans": 20
    }
  }, 
  {
    "pk": 5, 
    "model": "translations.pofile", 
    "fields": {
      "untrans": 88, 
      "total": 285, 
      "language": 13, 
      "created": "2008-11-21", 
      "trans_perc": 54, 
      "enabled": true, 
      "modified": "2008-11-21 16:26:10", 
      "object_id": 3, 
      "filename": "po/bn.po", 
      "content_type": 22, 
      "fuzzy_perc": 14, 
      "untrans_perc": 30, 
      "fuzzy": 42, 
      "trans": 155
    }
  }, 
  {
    "pk": 188, 
    "model": "translations.pofile", 
    "fields": {
      "untrans": 34, 
      "total": 34, 
      "language": 13, 
      "created": "2008-11-21", 
      "trans_perc": 0, 
      "enabled": true, 
      "modified": "2008-11-21 19:06:31", 
      "object_id": 4, 
      "filename": "po/bn.po", 
      "content_type": 22, 
      "fuzzy_perc": 0, 
      "untrans_perc": 100, 
      "fuzzy": 0, 
      "trans": 0
    }
  }, 
  {
    "pk": 303, 
    "model": "translations.pofile", 
    "fields": {
      "untrans": 0, 
      "total": 19, 
      "language": 13, 
      "created": "2008-11-21", 
      "trans_perc": 100, 
      "enabled": true, 
      "modified": "2008-11-21 19:24:07", 
      "object_id": 6, 
      "filename": "po/bn.po", 
      "content_type": 22, 
      "fuzzy_perc": 0, 
      "untrans_perc": 0, 
      "fuzzy": 0, 
      "trans": 19
    }
  }, 
  {
    "pk": 6, 
    "model": "translations.pofile", 
    "fields": {
      "untrans": 0, 
      "total": 243, 
      "language": 14, 
      "created": "2008-11-21", 
      "trans_perc": 100, 
      "enabled": true, 
      "modified": "2008-11-21 16:26:10", 
      "object_id": 3, 
      "filename": "po/bn_IN.po", 
      "content_type": 22, 
      "fuzzy_perc": 0, 
      "untrans_perc": 0, 
      "fuzzy": 0, 
      "trans": 243
    }
  }, 
  {
    "pk": 143, 
    "model": "translations.pofile", 
    "fields": {
      "untrans": 151, 
      "total": 1130, 
      "language": 14, 
      "created": "2008-11-21", 
      "trans_perc": 85, 
      "enabled": true, 
      "modified": "2008-11-21 19:06:00", 
      "object_id": 1, 
      "filename": "po/bn_IN.po", 
      "content_type": 22, 
      "fuzzy_perc": 1, 
      "untrans_perc": 13, 
      "fuzzy": 14, 
      "trans": 965
    }
  }, 
  {
    "pk": 189, 
    "model": "translations.pofile", 
    "fields": {
      "untrans": 0, 
      "total": 34, 
      "language": 14, 
      "created": "2008-11-21", 
      "trans_perc": 100, 
      "enabled": true, 
      "modified": "2008-11-21 19:06:31", 
      "object_id": 4, 
      "filename": "po/bn_IN.po", 
      "content_type": 22, 
      "fuzzy_perc": 0, 
      "untrans_perc": 0, 
      "fuzzy": 0, 
      "trans": 34
    }
  }, 
  {
    "pk": 304, 
    "model": "translations.pofile", 
    "fields": {
      "untrans": 0, 
      "total": 105, 
      "language": 14, 
      "created": "2008-11-21", 
      "trans_perc": 100, 
      "enabled": true, 
      "modified": "2008-11-21 19:24:07", 
      "object_id": 6, 
      "filename": "po/bn_IN.po", 
      "content_type": 22, 
      "fuzzy_perc": 0, 
      "untrans_perc": 0, 
      "fuzzy": 0, 
      "trans": 105
    }
  }, 
  {
    "pk": 7, 
    "model": "translations.pofile", 
    "fields": {
      "untrans": 34, 
      "total": 258, 
      "language": 15, 
      "created": "2008-11-21", 
      "trans_perc": 81, 
      "enabled": true, 
      "modified": "2008-11-21 16:26:10", 
      "object_id": 3, 
      "filename": "po/bs.po", 
      "content_type": 22, 
      "fuzzy_perc": 5, 
      "untrans_perc": 13, 
      "fuzzy": 15, 
      "trans": 209
    }
  }, 
  {
    "pk": 190, 
    "model": "translations.pofile", 
    "fields": {
      "untrans": 31, 
      "total": 48, 
      "language": 15, 
      "created": "2008-11-21", 
      "trans_perc": 6, 
      "enabled": true, 
      "modified": "2008-11-21 19:06:31", 
      "object_id": 4, 
      "filename": "po/bs.po", 
      "content_type": 22, 
      "fuzzy_perc": 29, 
      "untrans_perc": 64, 
      "fuzzy": 14, 
      "trans": 3
    }
  }, 
  {
    "pk": 305, 
    "model": "translations.pofile", 
    "fields": {
      "untrans": 0, 
      "total": 19, 
      "language": 15, 
      "created": "2008-11-21", 
      "trans_perc": 100, 
      "enabled": true, 
      "modified": "2008-11-21 19:24:07", 
      "object_id": 6, 
      "filename": "po/bs.po", 
      "content_type": 22, 
      "fuzzy_perc": 0, 
      "untrans_perc": 0, 
      "fuzzy": 0, 
      "trans": 19
    }
  }, 
  {
    "pk": 8, 
    "model": "translations.pofile", 
    "fields": {
      "untrans": 1, 
      "total": 243, 
      "language": 20, 
      "created": "2008-11-21", 
      "trans_perc": 99, 
      "enabled": true, 
      "modified": "2008-11-21 16:26:10", 
      "object_id": 3, 
      "filename": "po/ca.po", 
      "content_type": 22, 
      "fuzzy_perc": 0, 
      "untrans_perc": 0, 
      "fuzzy": 0, 
      "trans": 242
    }
  }, 
  {
    "pk": 144, 
    "model": "translations.pofile", 
    "fields": {
      "untrans": 1075, 
      "total": 1380, 
      "language": 20, 
      "created": "2008-11-21", 
      "trans_perc": 2, 
      "enabled": true, 
      "modified": "2008-11-21 19:06:00", 
      "object_id": 1, 
      "filename": "po/ca.po", 
      "content_type": 22, 
      "fuzzy_perc": 19, 
      "untrans_perc": 77, 
      "fuzzy": 264, 
      "trans": 41
    }
  }, 
  {
    "pk": 191, 
    "model": "translations.pofile", 
    "fields": {
      "untrans": 0, 
      "total": 34, 
      "language": 20, 
      "created": "2008-11-21", 
      "trans_perc": 100, 
      "enabled": true, 
      "modified": "2008-11-21 19:06:31", 
      "object_id": 4, 
      "filename": "po/ca.po", 
      "content_type": 22, 
      "fuzzy_perc": 0, 
      "untrans_perc": 0, 
      "fuzzy": 0, 
      "trans": 34
    }
  }, 
  {
    "pk": 258, 
    "model": "translations.pofile", 
    "fields": {
      "untrans": 0, 
      "total": 75, 
      "language": 20, 
      "created": "2008-11-21", 
      "trans_perc": 100, 
      "enabled": true, 
      "modified": "2008-11-21 19:23:58", 
      "object_id": 5, 
      "filename": "po/ca.po", 
      "content_type": 22, 
      "fuzzy_perc": 0, 
      "untrans_perc": 0, 
      "fuzzy": 0, 
      "trans": 75
    }
  }, 
  {
    "pk": 306, 
    "model": "translations.pofile", 
    "fields": {
      "untrans": 0, 
      "total": 20, 
      "language": 20, 
      "created": "2008-11-21", 
      "trans_perc": 100, 
      "enabled": true, 
      "modified": "2008-11-21 19:24:07", 
      "object_id": 6, 
      "filename": "po/ca.po", 
      "content_type": 22, 
      "fuzzy_perc": 0, 
      "untrans_perc": 0, 
      "fuzzy": 0, 
      "trans": 20
    }
  }, 
  {
    "pk": 9, 
    "model": "translations.pofile", 
    "fields": {
      "untrans": 0, 
      "total": 243, 
      "language": 24, 
      "created": "2008-11-21", 
      "trans_perc": 100, 
      "enabled": true, 
      "modified": "2008-11-21 16:26:10", 
      "object_id": 3, 
      "filename": "po/cs.po", 
      "content_type": 22, 
      "fuzzy_perc": 0, 
      "untrans_perc": 0, 
      "fuzzy": 0, 
      "trans": 243
    }
  }, 
  {
    "pk": 145, 
    "model": "translations.pofile", 
    "fields": {
      "untrans": 1114, 
      "total": 1171, 
      "language": 24, 
      "created": "2008-11-21", 
      "trans_perc": 0, 
      "enabled": true, 
      "modified": "2008-11-21 19:06:01", 
      "object_id": 1, 
      "filename": "po/cs.po", 
      "content_type": 22, 
      "fuzzy_perc": 4, 
      "untrans_perc": 95, 
      "fuzzy": 55, 
      "trans": 2
    }
  }, 
  {
    "pk": 192, 
    "model": "translations.pofile", 
    "fields": {
      "untrans": 0, 
      "total": 34, 
      "language": 24, 
      "created": "2008-11-21", 
      "trans_perc": 100, 
      "enabled": true, 
      "modified": "2008-11-21 19:06:31", 
      "object_id": 4, 
      "filename": "po/cs.po", 
      "content_type": 22, 
      "fuzzy_perc": 0, 
      "untrans_perc": 0, 
      "fuzzy": 0, 
      "trans": 34
    }
  }, 
  {
    "pk": 259, 
    "model": "translations.pofile", 
    "fields": {
      "untrans": 0, 
      "total": 75, 
      "language": 24, 
      "created": "2008-11-21", 
      "trans_perc": 100, 
      "enabled": true, 
      "modified": "2008-11-21 19:23:58", 
      "object_id": 5, 
      "filename": "po/cs.po", 
      "content_type": 22, 
      "fuzzy_perc": 0, 
      "untrans_perc": 0, 
      "fuzzy": 0, 
      "trans": 75
    }
  }, 
  {
    "pk": 307, 
    "model": "translations.pofile", 
    "fields": {
      "untrans": 0, 
      "total": 20, 
      "language": 24, 
      "created": "2008-11-21", 
      "trans_perc": 100, 
      "enabled": true, 
      "modified": "2008-11-21 19:24:07", 
      "object_id": 6, 
      "filename": "po/cs.po", 
      "content_type": 22, 
      "fuzzy_perc": 0, 
      "untrans_perc": 0, 
      "fuzzy": 0, 
      "trans": 20
    }
  }, 
  {
    "pk": 10, 
    "model": "translations.pofile", 
    "fields": {
      "untrans": 75, 
      "total": 259, 
      "language": 83, 
      "created": "2008-11-21", 
      "trans_perc": 64, 
      "enabled": true, 
      "modified": "2008-11-21 16:26:10", 
      "object_id": 3, 
      "filename": "po/cy.po", 
      "content_type": 22, 
      "fuzzy_perc": 6, 
      "untrans_perc": 28, 
      "fuzzy": 16, 
      "trans": 168
    }
  }, 
  {
    "pk": 193, 
    "model": "translations.pofile", 
    "fields": {
      "untrans": 34, 
      "total": 34, 
      "language": 83, 
      "created": "2008-11-21", 
      "trans_perc": 0, 
      "enabled": true, 
      "modified": "2008-11-21 19:06:31", 
      "object_id": 4, 
      "filename": "po/cy.po", 
      "content_type": 22, 
      "fuzzy_perc": 0, 
      "untrans_perc": 100, 
      "fuzzy": 0, 
      "trans": 0
    }
  }, 
  {
    "pk": 308, 
    "model": "translations.pofile", 
    "fields": {
      "untrans": 0, 
      "total": 19, 
      "language": 83, 
      "created": "2008-11-21", 
      "trans_perc": 100, 
      "enabled": true, 
      "modified": "2008-11-21 19:24:07", 
      "object_id": 6, 
      "filename": "po/cy.po", 
      "content_type": 22, 
      "fuzzy_perc": 0, 
      "untrans_perc": 0, 
      "fuzzy": 0, 
      "trans": 19
    }
  }, 
  {
    "pk": 11, 
    "model": "translations.pofile", 
    "fields": {
      "untrans": 34, 
      "total": 258, 
      "language": 25, 
      "created": "2008-11-21", 
      "trans_perc": 81, 
      "enabled": true, 
      "modified": "2008-11-21 16:26:10", 
      "object_id": 3, 
      "filename": "po/da.po", 
      "content_type": 22, 
      "fuzzy_perc": 5, 
      "untrans_perc": 13, 
      "fuzzy": 15, 
      "trans": 209
    }
  }, 
  {
    "pk": 146, 
    "model": "translations.pofile", 
    "fields": {
      "untrans": 1060, 
      "total": 1622, 
      "language": 25, 
      "created": "2008-11-21", 
      "trans_perc": 3, 
      "enabled": true, 
      "modified": "2008-11-21 19:06:01", 
      "object_id": 1, 
      "filename": "po/da.po", 
      "content_type": 22, 
      "fuzzy_perc": 31, 
      "untrans_perc": 65, 
      "fuzzy": 506, 
      "trans": 56
    }
  }, 
  {
    "pk": 194, 
    "model": "translations.pofile", 
    "fields": {
      "untrans": 31, 
      "total": 48, 
      "language": 25, 
      "created": "2008-11-21", 
      "trans_perc": 6, 
      "enabled": true, 
      "modified": "2008-11-21 19:06:31", 
      "object_id": 4, 
      "filename": "po/da.po", 
      "content_type": 22, 
      "fuzzy_perc": 29, 
      "untrans_perc": 64, 
      "fuzzy": 14, 
      "trans": 3
    }
  }, 
  {
    "pk": 260, 
    "model": "translations.pofile", 
    "fields": {
      "untrans": 23, 
      "total": 98, 
      "language": 25, 
      "created": "2008-11-21", 
      "trans_perc": 53, 
      "enabled": true, 
      "modified": "2008-11-21 19:23:58", 
      "object_id": 5, 
      "filename": "po/da.po", 
      "content_type": 22, 
      "fuzzy_perc": 23, 
      "untrans_perc": 23, 
      "fuzzy": 23, 
      "trans": 52
    }
  }, 
  {
    "pk": 309, 
    "model": "translations.pofile", 
    "fields": {
      "untrans": 0, 
      "total": 19, 
      "language": 25, 
      "created": "2008-11-21", 
      "trans_perc": 100, 
      "enabled": true, 
      "modified": "2008-11-21 19:24:07", 
      "object_id": 6, 
      "filename": "po/da.po", 
      "content_type": 22, 
      "fuzzy_perc": 0, 
      "untrans_perc": 0, 
      "fuzzy": 0, 
      "trans": 19
    }
  }, 
  {
    "pk": 12, 
    "model": "translations.pofile", 
    "fields": {
      "untrans": 0, 
      "total": 243, 
      "language": 33, 
      "created": "2008-11-21", 
      "trans_perc": 100, 
      "enabled": true, 
      "modified": "2008-11-21 16:26:11", 
      "object_id": 3, 
      "filename": "po/de.po", 
      "content_type": 22, 
      "fuzzy_perc": 0, 
      "untrans_perc": 0, 
      "fuzzy": 0, 
      "trans": 243
    }
  }, 
  {
    "pk": 147, 
    "model": "translations.pofile", 
    "fields": {
      "untrans": 0, 
      "total": 1117, 
      "language": 33, 
      "created": "2008-11-21", 
      "trans_perc": 99, 
      "enabled": true, 
      "modified": "2008-11-21 19:06:01", 
      "object_id": 1, 
      "filename": "po/de.po", 
      "content_type": 22, 
      "fuzzy_perc": 0, 
      "untrans_perc": 0, 
      "fuzzy": 1, 
      "trans": 1116
    }
  }, 
  {
    "pk": 195, 
    "model": "translations.pofile", 
    "fields": {
      "untrans": 0, 
      "total": 34, 
      "language": 33, 
      "created": "2008-11-21", 
      "trans_perc": 100, 
      "enabled": true, 
      "modified": "2008-11-21 19:06:31", 
      "object_id": 4, 
      "filename": "po/de.po", 
      "content_type": 22, 
      "fuzzy_perc": 0, 
      "untrans_perc": 0, 
      "fuzzy": 0, 
      "trans": 34
    }
  }, 
  {
    "pk": 261, 
    "model": "translations.pofile", 
    "fields": {
      "untrans": 0, 
      "total": 75, 
      "language": 33, 
      "created": "2008-11-21", 
      "trans_perc": 100, 
      "enabled": true, 
      "modified": "2008-11-21 19:23:58", 
      "object_id": 5, 
      "filename": "po/de.po", 
      "content_type": 22, 
      "fuzzy_perc": 0, 
      "untrans_perc": 0, 
      "fuzzy": 0, 
      "trans": 75
    }
  }, 
  {
    "pk": 310, 
    "model": "translations.pofile", 
    "fields": {
      "untrans": 0, 
      "total": 20, 
      "language": 33, 
      "created": "2008-11-21", 
      "trans_perc": 100, 
      "enabled": true, 
      "modified": "2008-11-21 19:24:07", 
      "object_id": 6, 
      "filename": "po/de.po", 
      "content_type": 22, 
      "fuzzy_perc": 0, 
      "untrans_perc": 0, 
      "fuzzy": 0, 
      "trans": 20
    }
  }, 
  {
    "pk": 262, 
    "model": "translations.pofile", 
    "fields": {
      "untrans": 32, 
      "total": 65, 
      "language": null, 
      "created": "2008-11-21", 
      "trans_perc": 29, 
      "enabled": true, 
      "modified": "2008-11-21 19:23:58", 
      "object_id": 5, 
      "filename": "po/de_DE.po", 
      "content_type": 22, 
      "fuzzy_perc": 21, 
      "untrans_perc": 49, 
      "fuzzy": 14, 
      "trans": 19
    }
  }, 
  {
    "pk": 13, 
    "model": "translations.pofile", 
    "fields": {
      "untrans": 0, 
      "total": 243, 
      "language": 34, 
      "created": "2008-11-21", 
      "trans_perc": 100, 
      "enabled": true, 
      "modified": "2008-11-21 16:26:11", 
      "object_id": 3, 
      "filename": "po/el.po", 
      "content_type": 22, 
      "fuzzy_perc": 0, 
      "untrans_perc": 0, 
      "fuzzy": 0, 
      "trans": 243
    }
  }, 
  {
    "pk": 148, 
    "model": "translations.pofile", 
    "fields": {
      "untrans": 940, 
      "total": 1542, 
      "language": 34, 
      "created": "2008-11-21", 
      "trans_perc": 11, 
      "enabled": true, 
      "modified": "2008-11-21 19:06:02", 
      "object_id": 1, 
      "filename": "po/el.po", 
      "content_type": 22, 
      "fuzzy_perc": 27, 
      "untrans_perc": 60, 
      "fuzzy": 426, 
      "trans": 176
    }
  }, 
  {
    "pk": 196, 
    "model": "translations.pofile", 
    "fields": {
      "untrans": 23, 
      "total": 42, 
      "language": 34, 
      "created": "2008-11-21", 
      "trans_perc": 26, 
      "enabled": true, 
      "modified": "2008-11-21 19:06:31", 
      "object_id": 4, 
      "filename": "po/el.po", 
      "content_type": 22, 
      "fuzzy_perc": 19, 
      "untrans_perc": 54, 
      "fuzzy": 8, 
      "trans": 11
    }
  }, 
  {
    "pk": 263, 
    "model": "translations.pofile", 
    "fields": {
      "untrans": 14, 
      "total": 76, 
      "language": 34, 
      "created": "2008-11-21", 
      "trans_perc": 80, 
      "enabled": true, 
      "modified": "2008-11-21 19:23:58", 
      "object_id": 5, 
      "filename": "po/el.po", 
      "content_type": 22, 
      "fuzzy_perc": 1, 
      "untrans_perc": 18, 
      "fuzzy": 1, 
      "trans": 61
    }
  }, 
  {
    "pk": 311, 
    "model": "translations.pofile", 
    "fields": {
      "untrans": 0, 
      "total": 20, 
      "language": 34, 
      "created": "2008-11-21", 
      "trans_perc": 100, 
      "enabled": true, 
      "modified": "2008-11-21 19:24:07", 
      "object_id": 6, 
      "filename": "po/el.po", 
      "content_type": 22, 
      "fuzzy_perc": 0, 
      "untrans_perc": 0, 
      "fuzzy": 0, 
      "trans": 20
    }
  }, 
  {
    "pk": 264, 
    "model": "translations.pofile", 
    "fields": {
      "untrans": 0, 
      "total": 75, 
      "language": null, 
      "created": "2008-11-21", 
      "trans_perc": 100, 
      "enabled": true, 
      "modified": "2008-11-21 19:23:58", 
      "object_id": 5, 
      "filename": "po/en_AU.po", 
      "content_type": 22, 
      "fuzzy_perc": 0, 
      "untrans_perc": 0, 
      "fuzzy": 0, 
      "trans": 75
    }
  }, 
  {
    "pk": 14, 
    "model": "translations.pofile", 
    "fields": {
      "untrans": 34, 
      "total": 258, 
      "language": 17, 
      "created": "2008-11-21", 
      "trans_perc": 81, 
      "enabled": true, 
      "modified": "2008-11-21 16:26:11", 
      "object_id": 3, 
      "filename": "po/en_GB.po", 
      "content_type": 22, 
      "fuzzy_perc": 5, 
      "untrans_perc": 13, 
      "fuzzy": 15, 
      "trans": 209
    }
  }, 
  {
    "pk": 197, 
    "model": "translations.pofile", 
    "fields": {
      "untrans": 31, 
      "total": 48, 
      "language": 17, 
      "created": "2008-11-21", 
      "trans_perc": 6, 
      "enabled": true, 
      "modified": "2008-11-21 19:06:31", 
      "object_id": 4, 
      "filename": "po/en_GB.po", 
      "content_type": 22, 
      "fuzzy_perc": 29, 
      "untrans_perc": 64, 
      "fuzzy": 14, 
      "trans": 3
    }
  }, 
  {
    "pk": 265, 
    "model": "translations.pofile", 
    "fields": {
      "untrans": 26, 
      "total": 75, 
      "language": 17, 
      "created": "2008-11-21", 
      "trans_perc": 65, 
      "enabled": true, 
      "modified": "2008-11-21 19:23:58", 
      "object_id": 5, 
      "filename": "po/en_GB.po", 
      "content_type": 22, 
      "fuzzy_perc": 0, 
      "untrans_perc": 34, 
      "fuzzy": 0, 
      "trans": 49
    }
  }, 
  {
    "pk": 312, 
    "model": "translations.pofile", 
    "fields": {
      "untrans": 0, 
      "total": 19, 
      "language": 17, 
      "created": "2008-11-21", 
      "trans_perc": 100, 
      "enabled": true, 
      "modified": "2008-11-21 19:24:07", 
      "object_id": 6, 
      "filename": "po/en_GB.po", 
      "content_type": 22, 
      "fuzzy_perc": 0, 
      "untrans_perc": 0, 
      "fuzzy": 0, 
      "trans": 19
    }
  }, 
  {
    "pk": 15, 
    "model": "translations.pofile", 
    "fields": {
      "untrans": 0, 
      "total": 243, 
      "language": 72, 
      "created": "2008-11-21", 
      "trans_perc": 100, 
      "enabled": true, 
      "modified": "2008-11-21 16:26:11", 
      "object_id": 3, 
      "filename": "po/es.po", 
      "content_type": 22, 
      "fuzzy_perc": 0, 
      "untrans_perc": 0, 
      "fuzzy": 0, 
      "trans": 243
    }
  }, 
  {
    "pk": 149, 
    "model": "translations.pofile", 
    "fields": {
      "untrans": 67, 
      "total": 1173, 
      "language": 72, 
      "created": "2008-11-21", 
      "trans_perc": 89, 
      "enabled": true, 
      "modified": "2008-11-21 19:06:02", 
      "object_id": 1, 
      "filename": "po/es.po", 
      "content_type": 22, 
      "fuzzy_perc": 4, 
      "untrans_perc": 5, 
      "fuzzy": 57, 
      "trans": 1049
    }
  }, 
  {
    "pk": 198, 
    "model": "translations.pofile", 
    "fields": {
      "untrans": 0, 
      "total": 34, 
      "language": 72, 
      "created": "2008-11-21", 
      "trans_perc": 100, 
      "enabled": true, 
      "modified": "2008-11-21 19:06:31", 
      "object_id": 4, 
      "filename": "po/es.po", 
      "content_type": 22, 
      "fuzzy_perc": 0, 
      "untrans_perc": 0, 
      "fuzzy": 0, 
      "trans": 34
    }
  }, 
  {
    "pk": 266, 
    "model": "translations.pofile", 
    "fields": {
      "untrans": 0, 
      "total": 75, 
      "language": 72, 
      "created": "2008-11-21", 
      "trans_perc": 100, 
      "enabled": true, 
      "modified": "2008-11-21 19:23:58", 
      "object_id": 5, 
      "filename": "po/es.po", 
      "content_type": 22, 
      "fuzzy_perc": 0, 
      "untrans_perc": 0, 
      "fuzzy": 0, 
      "trans": 75
    }
  }, 
  {
    "pk": 313, 
    "model": "translations.pofile", 
    "fields": {
      "untrans": 0, 
      "total": 20, 
      "language": 72, 
      "created": "2008-11-21", 
      "trans_perc": 100, 
      "enabled": true, 
      "modified": "2008-11-21 19:24:07", 
      "object_id": 6, 
      "filename": "po/es.po", 
      "content_type": 22, 
      "fuzzy_perc": 0, 
      "untrans_perc": 0, 
      "fuzzy": 0, 
      "trans": 20
    }
  }, 
  {
    "pk": 16, 
    "model": "translations.pofile", 
    "fields": {
      "untrans": 64, 
      "total": 268, 
      "language": 28, 
      "created": "2008-11-21", 
      "trans_perc": 66, 
      "enabled": true, 
      "modified": "2008-11-21 16:26:11", 
      "object_id": 3, 
      "filename": "po/et.po", 
      "content_type": 22, 
      "fuzzy_perc": 9, 
      "untrans_perc": 23, 
      "fuzzy": 25, 
      "trans": 179
    }
  }, 
  {
    "pk": 199, 
    "model": "translations.pofile", 
    "fields": {
      "untrans": 34, 
      "total": 34, 
      "language": 28, 
      "created": "2008-11-21", 
      "trans_perc": 0, 
      "enabled": true, 
      "modified": "2008-11-21 19:06:31", 
      "object_id": 4, 
      "filename": "po/et.po", 
      "content_type": 22, 
      "fuzzy_perc": 0, 
      "untrans_perc": 100, 
      "fuzzy": 0, 
      "trans": 0
    }
  }, 
  {
    "pk": 314, 
    "model": "translations.pofile", 
    "fields": {
      "untrans": 0, 
      "total": 19, 
      "language": 28, 
      "created": "2008-11-21", 
      "trans_perc": 100, 
      "enabled": true, 
      "modified": "2008-11-21 19:24:07", 
      "object_id": 6, 
      "filename": "po/et.po", 
      "content_type": 22, 
      "fuzzy_perc": 0, 
      "untrans_perc": 0, 
      "fuzzy": 0, 
      "trans": 19
    }
  }, 
  {
    "pk": 267, 
    "model": "translations.pofile", 
    "fields": {
      "untrans": 0, 
      "total": 75, 
      "language": 9, 
      "created": "2008-11-21", 
      "trans_perc": 100, 
      "enabled": true, 
      "modified": "2008-11-21 19:23:58", 
      "object_id": 5, 
      "filename": "po/eu.po", 
      "content_type": 22, 
      "fuzzy_perc": 0, 
      "untrans_perc": 0, 
      "fuzzy": 0, 
      "trans": 75
    }
  }, 
  {
    "pk": 200, 
    "model": "translations.pofile", 
    "fields": {
      "untrans": 34, 
      "total": 34, 
      "language": 10, 
      "created": "2008-11-21", 
      "trans_perc": 0, 
      "enabled": true, 
      "modified": "2008-11-21 19:06:31", 
      "object_id": 4, 
      "filename": "po/eu_ES.po", 
      "content_type": 22, 
      "fuzzy_perc": 0, 
      "untrans_perc": 100, 
      "fuzzy": 0, 
      "trans": 0
    }
  }, 
  {
    "pk": 315, 
    "model": "translations.pofile", 
    "fields": {
      "untrans": 19, 
      "total": 19, 
      "language": 10, 
      "created": "2008-11-21", 
      "trans_perc": 0, 
      "enabled": true, 
      "modified": "2008-11-21 19:24:07", 
      "object_id": 6, 
      "filename": "po/eu_ES.po", 
      "content_type": 22, 
      "fuzzy_perc": 0, 
      "untrans_perc": 100, 
      "fuzzy": 0, 
      "trans": 0
    }
  }, 
  {
    "pk": 17, 
    "model": "translations.pofile", 
    "fields": {
      "untrans": 88, 
      "total": 259, 
      "language": 62, 
      "created": "2008-11-21", 
      "trans_perc": 59, 
      "enabled": true, 
      "modified": "2008-11-21 16:26:11", 
      "object_id": 3, 
      "filename": "po/fa.po", 
      "content_type": 22, 
      "fuzzy_perc": 6, 
      "untrans_perc": 33, 
      "fuzzy": 16, 
      "trans": 155
    }
  }, 
  {
    "pk": 201, 
    "model": "translations.pofile", 
    "fields": {
      "untrans": 34, 
      "total": 34, 
      "language": 62, 
      "created": "2008-11-21", 
      "trans_perc": 0, 
      "enabled": true, 
      "modified": "2008-11-21 19:06:31", 
      "object_id": 4, 
      "filename": "po/fa.po", 
      "content_type": 22, 
      "fuzzy_perc": 0, 
      "untrans_perc": 100, 
      "fuzzy": 0, 
      "trans": 0
    }
  }, 
  {
    "pk": 268, 
    "model": "translations.pofile", 
    "fields": {
      "untrans": 56, 
      "total": 75, 
      "language": 62, 
      "created": "2008-11-21", 
      "trans_perc": 25, 
      "enabled": true, 
      "modified": "2008-11-21 19:23:58", 
      "object_id": 5, 
      "filename": "po/fa.po", 
      "content_type": 22, 
      "fuzzy_perc": 0, 
      "untrans_perc": 74, 
      "fuzzy": 0, 
      "trans": 19
    }
  }, 
  {
    "pk": 18, 
    "model": "translations.pofile", 
    "fields": {
      "untrans": 1, 
      "total": 243, 
      "language": 29, 
      "created": "2008-11-21", 
      "trans_perc": 99, 
      "enabled": true, 
      "modified": "2008-11-21 16:26:11", 
      "object_id": 3, 
      "filename": "po/fi.po", 
      "content_type": 22, 
      "fuzzy_perc": 0, 
      "untrans_perc": 0, 
      "fuzzy": 0, 
      "trans": 242
    }
  }, 
  {
    "pk": 150, 
    "model": "translations.pofile", 
    "fields": {
      "untrans": 913, 
      "total": 1475, 
      "language": 29, 
      "created": "2008-11-21", 
      "trans_perc": 9, 
      "enabled": true, 
      "modified": "2008-11-21 19:06:02", 
      "object_id": 1, 
      "filename": "po/fi.po", 
      "content_type": 22, 
      "fuzzy_perc": 28, 
      "untrans_perc": 61, 
      "fuzzy": 419, 
      "trans": 143
    }
  }, 
  {
    "pk": 202, 
    "model": "translations.pofile", 
    "fields": {
      "untrans": 6, 
      "total": 41, 
      "language": 29, 
      "created": "2008-11-21", 
      "trans_perc": 68, 
      "enabled": true, 
      "modified": "2008-11-21 19:06:31", 
      "object_id": 4, 
      "filename": "po/fi.po", 
      "content_type": 22, 
      "fuzzy_perc": 17, 
      "untrans_perc": 14, 
      "fuzzy": 7, 
      "trans": 28
    }
  }, 
  {
    "pk": 269, 
    "model": "translations.pofile", 
    "fields": {
      "untrans": 0, 
      "total": 75, 
      "language": 29, 
      "created": "2008-11-21", 
      "trans_perc": 100, 
      "enabled": true, 
      "modified": "2008-11-21 19:23:58", 
      "object_id": 5, 
      "filename": "po/fi.po", 
      "content_type": 22, 
      "fuzzy_perc": 0, 
      "untrans_perc": 0, 
      "fuzzy": 0, 
      "trans": 75
    }
  }, 
  {
    "pk": 316, 
    "model": "translations.pofile", 
    "fields": {
      "untrans": 0, 
      "total": 20, 
      "language": 29, 
      "created": "2008-11-21", 
      "trans_perc": 100, 
      "enabled": true, 
      "modified": "2008-11-21 19:24:07", 
      "object_id": 6, 
      "filename": "po/fi.po", 
      "content_type": 22, 
      "fuzzy_perc": 0, 
      "untrans_perc": 0, 
      "fuzzy": 0, 
      "trans": 20
    }
  }, 
  {
    "pk": 270, 
    "model": "translations.pofile", 
    "fields": {
      "untrans": 17, 
      "total": 55, 
      "language": null, 
      "created": "2008-11-21", 
      "trans_perc": 61, 
      "enabled": true, 
      "modified": "2008-11-21 19:23:58", 
      "object_id": 5, 
      "filename": "po/fi_FI.po", 
      "content_type": 22, 
      "fuzzy_perc": 7, 
      "untrans_perc": 30, 
      "fuzzy": 4, 
      "trans": 34
    }
  }, 
  {
    "pk": 19, 
    "model": "translations.pofile", 
    "fields": {
      "untrans": 0, 
      "total": 243, 
      "language": 30, 
      "created": "2008-11-21", 
      "trans_perc": 100, 
      "enabled": true, 
      "modified": "2008-11-21 16:26:11", 
      "object_id": 3, 
      "filename": "po/fr.po", 
      "content_type": 22, 
      "fuzzy_perc": 0, 
      "untrans_perc": 0, 
      "fuzzy": 0, 
      "trans": 243
    }
  }, 
  {
    "pk": 151, 
    "model": "translations.pofile", 
    "fields": {
      "untrans": 67, 
      "total": 1130, 
      "language": 30, 
      "created": "2008-11-21", 
      "trans_perc": 92, 
      "enabled": true, 
      "modified": "2008-11-21 19:06:02", 
      "object_id": 1, 
      "filename": "po/fr.po", 
      "content_type": 22, 
      "fuzzy_perc": 1, 
      "untrans_perc": 5, 
      "fuzzy": 14, 
      "trans": 1049
    }
  }, 
  {
    "pk": 203, 
    "model": "translations.pofile", 
    "fields": {
      "untrans": 0, 
      "total": 34, 
      "language": 30, 
      "created": "2008-11-21", 
      "trans_perc": 100, 
      "enabled": true, 
      "modified": "2008-11-21 19:06:31", 
      "object_id": 4, 
      "filename": "po/fr.po", 
      "content_type": 22, 
      "fuzzy_perc": 0, 
      "untrans_perc": 0, 
      "fuzzy": 0, 
      "trans": 34
    }
  }, 
  {
    "pk": 271, 
    "model": "translations.pofile", 
    "fields": {
      "untrans": 0, 
      "total": 75, 
      "language": 30, 
      "created": "2008-11-21", 
      "trans_perc": 100, 
      "enabled": true, 
      "modified": "2008-11-21 19:23:58", 
      "object_id": 5, 
      "filename": "po/fr.po", 
      "content_type": 22, 
      "fuzzy_perc": 0, 
      "untrans_perc": 0, 
      "fuzzy": 0, 
      "trans": 75
    }
  }, 
  {
    "pk": 317, 
    "model": "translations.pofile", 
    "fields": {
      "untrans": 0, 
      "total": 20, 
      "language": 30, 
      "created": "2008-11-21", 
      "trans_perc": 100, 
      "enabled": true, 
      "modified": "2008-11-21 19:24:07", 
      "object_id": 6, 
      "filename": "po/fr.po", 
      "content_type": 22, 
      "fuzzy_perc": 0, 
      "untrans_perc": 0, 
      "fuzzy": 0, 
      "trans": 20
    }
  }, 
  {
    "pk": 272, 
    "model": "translations.pofile", 
    "fields": {
      "untrans": 10, 
      "total": 54, 
      "language": null, 
      "created": "2008-11-21", 
      "trans_perc": 75, 
      "enabled": true, 
      "modified": "2008-11-21 19:23:58", 
      "object_id": 5, 
      "filename": "po/fr_FR.po", 
      "content_type": 22, 
      "fuzzy_perc": 5, 
      "untrans_perc": 18, 
      "fuzzy": 3, 
      "trans": 41
    }
  }, 
  {
    "pk": 20, 
    "model": "translations.pofile", 
    "fields": {
      "untrans": 132, 
      "total": 278, 
      "language": 31, 
      "created": "2008-11-21", 
      "trans_perc": 39, 
      "enabled": true, 
      "modified": "2008-11-21 16:26:11", 
      "object_id": 3, 
      "filename": "po/gl.po", 
      "content_type": 22, 
      "fuzzy_perc": 12, 
      "untrans_perc": 47, 
      "fuzzy": 35, 
      "trans": 111
    }
  }, 
  {
    "pk": 204, 
    "model": "translations.pofile", 
    "fields": {
      "untrans": 34, 
      "total": 34, 
      "language": 31, 
      "created": "2008-11-21", 
      "trans_perc": 0, 
      "enabled": true, 
      "modified": "2008-11-21 19:06:31", 
      "object_id": 4, 
      "filename": "po/gl.po", 
      "content_type": 22, 
      "fuzzy_perc": 0, 
      "untrans_perc": 100, 
      "fuzzy": 0, 
      "trans": 0
    }
  }, 
  {
    "pk": 273, 
    "model": "translations.pofile", 
    "fields": {
      "untrans": 4, 
      "total": 76, 
      "language": 31, 
      "created": "2008-11-21", 
      "trans_perc": 93, 
      "enabled": true, 
      "modified": "2008-11-21 19:23:58", 
      "object_id": 5, 
      "filename": "po/gl.po", 
      "content_type": 22, 
      "fuzzy_perc": 1, 
      "untrans_perc": 5, 
      "fuzzy": 1, 
      "trans": 71
    }
  }, 
  {
    "pk": 318, 
    "model": "translations.pofile", 
    "fields": {
      "untrans": 0, 
      "total": 19, 
      "language": 31, 
      "created": "2008-11-21", 
      "trans_perc": 100, 
      "enabled": true, 
      "modified": "2008-11-21 19:24:07", 
      "object_id": 6, 
      "filename": "po/gl.po", 
      "content_type": 22, 
      "fuzzy_perc": 0, 
      "untrans_perc": 0, 
      "fuzzy": 0, 
      "trans": 19
    }
  }, 
  {
    "pk": 21, 
    "model": "translations.pofile", 
    "fields": {
      "untrans": 0, 
      "total": 243, 
      "language": 35, 
      "created": "2008-11-21", 
      "trans_perc": 100, 
      "enabled": true, 
      "modified": "2008-11-21 16:26:11", 
      "object_id": 3, 
      "filename": "po/gu.po", 
      "content_type": 22, 
      "fuzzy_perc": 0, 
      "untrans_perc": 0, 
      "fuzzy": 0, 
      "trans": 243
    }
  }, 
  {
    "pk": 152, 
    "model": "translations.pofile", 
    "fields": {
      "untrans": 67, 
      "total": 1130, 
      "language": 35, 
      "created": "2008-11-21", 
      "trans_perc": 92, 
      "enabled": true, 
      "modified": "2008-11-21 19:06:03", 
      "object_id": 1, 
      "filename": "po/gu.po", 
      "content_type": 22, 
      "fuzzy_perc": 1, 
      "untrans_perc": 5, 
      "fuzzy": 14, 
      "trans": 1049
    }
  }, 
  {
    "pk": 205, 
    "model": "translations.pofile", 
    "fields": {
      "untrans": 0, 
      "total": 34, 
      "language": 35, 
      "created": "2008-11-21", 
      "trans_perc": 100, 
      "enabled": true, 
      "modified": "2008-11-21 19:06:31", 
      "object_id": 4, 
      "filename": "po/gu.po", 
      "content_type": 22, 
      "fuzzy_perc": 0, 
      "untrans_perc": 0, 
      "fuzzy": 0, 
      "trans": 34
    }
  }, 
  {
    "pk": 319, 
    "model": "translations.pofile", 
    "fields": {
      "untrans": 0, 
      "total": 20, 
      "language": 35, 
      "created": "2008-11-21", 
      "trans_perc": 100, 
      "enabled": true, 
      "modified": "2008-11-21 19:24:07", 
      "object_id": 6, 
      "filename": "po/gu.po", 
      "content_type": 22, 
      "fuzzy_perc": 0, 
      "untrans_perc": 0, 
      "fuzzy": 0, 
      "trans": 20
    }
  }, 
  {
    "pk": 22, 
    "model": "translations.pofile", 
    "fields": {
      "untrans": 243, 
      "total": 243, 
      "language": 36, 
      "created": "2008-11-21", 
      "trans_perc": 0, 
      "enabled": true, 
      "modified": "2008-11-21 16:26:11", 
      "object_id": 3, 
      "filename": "po/he.po", 
      "content_type": 22, 
      "fuzzy_perc": 0, 
      "untrans_perc": 100, 
      "fuzzy": 0, 
      "trans": 0
    }
  }, 
  {
    "pk": 153, 
    "model": "translations.pofile", 
    "fields": {
      "untrans": 1026, 
      "total": 1418, 
      "language": 36, 
      "created": "2008-11-21", 
      "trans_perc": 6, 
      "enabled": true, 
      "modified": "2008-11-21 19:06:03", 
      "object_id": 1, 
      "filename": "po/he.po", 
      "content_type": 22, 
      "fuzzy_perc": 21, 
      "untrans_perc": 72, 
      "fuzzy": 302, 
      "trans": 90
    }
  }, 
  {
    "pk": 206, 
    "model": "translations.pofile", 
    "fields": {
      "untrans": 34, 
      "total": 34, 
      "language": 36, 
      "created": "2008-11-21", 
      "trans_perc": 0, 
      "enabled": true, 
      "modified": "2008-11-21 19:06:31", 
      "object_id": 4, 
      "filename": "po/he.po", 
      "content_type": 22, 
      "fuzzy_perc": 0, 
      "untrans_perc": 100, 
      "fuzzy": 0, 
      "trans": 0
    }
  }, 
  {
    "pk": 274, 
    "model": "translations.pofile", 
    "fields": {
      "untrans": 3, 
      "total": 78, 
      "language": 36, 
      "created": "2008-11-21", 
      "trans_perc": 92, 
      "enabled": true, 
      "modified": "2008-11-21 19:23:58", 
      "object_id": 5, 
      "filename": "po/he.po", 
      "content_type": 22, 
      "fuzzy_perc": 3, 
      "untrans_perc": 3, 
      "fuzzy": 3, 
      "trans": 72
    }
  }, 
  {
    "pk": 320, 
    "model": "translations.pofile", 
    "fields": {
      "untrans": 0, 
      "total": 20, 
      "language": 36, 
      "created": "2008-11-21", 
      "trans_perc": 100, 
      "enabled": true, 
      "modified": "2008-11-21 19:24:07", 
      "object_id": 6, 
      "filename": "po/he.po", 
      "content_type": 22, 
      "fuzzy_perc": 0, 
      "untrans_perc": 0, 
      "fuzzy": 0, 
      "trans": 20
    }
  }, 
  {
    "pk": 23, 
    "model": "translations.pofile", 
    "fields": {
      "untrans": 0, 
      "total": 243, 
      "language": 37, 
      "created": "2008-11-21", 
      "trans_perc": 100, 
      "enabled": true, 
      "modified": "2008-11-21 16:26:11", 
      "object_id": 3, 
      "filename": "po/hi.po", 
      "content_type": 22, 
      "fuzzy_perc": 0, 
      "untrans_perc": 0, 
      "fuzzy": 0, 
      "trans": 243
    }
  }, 
  {
    "pk": 154, 
    "model": "translations.pofile", 
    "fields": {
      "untrans": 67, 
      "total": 1130, 
      "language": 37, 
      "created": "2008-11-21", 
      "trans_perc": 92, 
      "enabled": true, 
      "modified": "2008-11-21 19:06:03", 
      "object_id": 1, 
      "filename": "po/hi.po", 
      "content_type": 22, 
      "fuzzy_perc": 1, 
      "untrans_perc": 5, 
      "fuzzy": 14, 
      "trans": 1049
    }
  }, 
  {
    "pk": 207, 
    "model": "translations.pofile", 
    "fields": {
      "untrans": 0, 
      "total": 34, 
      "language": 37, 
      "created": "2008-11-21", 
      "trans_perc": 100, 
      "enabled": true, 
      "modified": "2008-11-21 19:06:31", 
      "object_id": 4, 
      "filename": "po/hi.po", 
      "content_type": 22, 
      "fuzzy_perc": 0, 
      "untrans_perc": 0, 
      "fuzzy": 0, 
      "trans": 34
    }
  }, 
  {
    "pk": 321, 
    "model": "translations.pofile", 
    "fields": {
      "untrans": 0, 
      "total": 20, 
      "language": 37, 
      "created": "2008-11-21", 
      "trans_perc": 100, 
      "enabled": true, 
      "modified": "2008-11-21 19:24:07", 
      "object_id": 6, 
      "filename": "po/hi.po", 
      "content_type": 22, 
      "fuzzy_perc": 0, 
      "untrans_perc": 0, 
      "fuzzy": 0, 
      "trans": 20
    }
  }, 
  {
    "pk": 24, 
    "model": "translations.pofile", 
    "fields": {
      "untrans": 30, 
      "total": 260, 
      "language": 23, 
      "created": "2008-11-21", 
      "trans_perc": 81, 
      "enabled": true, 
      "modified": "2008-11-21 16:26:11", 
      "object_id": 3, 
      "filename": "po/hr.po", 
      "content_type": 22, 
      "fuzzy_perc": 6, 
      "untrans_perc": 11, 
      "fuzzy": 17, 
      "trans": 213
    }
  }, 
  {
    "pk": 155, 
    "model": "translations.pofile", 
    "fields": {
      "untrans": 1085, 
      "total": 1421, 
      "language": 23, 
      "created": "2008-11-21", 
      "trans_perc": 2, 
      "enabled": true, 
      "modified": "2008-11-21 19:06:03", 
      "object_id": 1, 
      "filename": "po/hr.po", 
      "content_type": 22, 
      "fuzzy_perc": 21, 
      "untrans_perc": 76, 
      "fuzzy": 305, 
      "trans": 31
    }
  }, 
  {
    "pk": 208, 
    "model": "translations.pofile", 
    "fields": {
      "untrans": 31, 
      "total": 48, 
      "language": 23, 
      "created": "2008-11-21", 
      "trans_perc": 6, 
      "enabled": true, 
      "modified": "2008-11-21 19:06:31", 
      "object_id": 4, 
      "filename": "po/hr.po", 
      "content_type": 22, 
      "fuzzy_perc": 29, 
      "untrans_perc": 64, 
      "fuzzy": 14, 
      "trans": 3
    }
  }, 
  {
    "pk": 275, 
    "model": "translations.pofile", 
    "fields": {
      "untrans": 0, 
      "total": 75, 
      "language": 23, 
      "created": "2008-11-21", 
      "trans_perc": 100, 
      "enabled": true, 
      "modified": "2008-11-21 19:23:58", 
      "object_id": 5, 
      "filename": "po/hr.po", 
      "content_type": 22, 
      "fuzzy_perc": 0, 
      "untrans_perc": 0, 
      "fuzzy": 0, 
      "trans": 75
    }
  }, 
  {
    "pk": 322, 
    "model": "translations.pofile", 
    "fields": {
      "untrans": 0, 
      "total": 19, 
      "language": 23, 
      "created": "2008-11-21", 
      "trans_perc": 100, 
      "enabled": true, 
      "modified": "2008-11-21 19:24:07", 
      "object_id": 6, 
      "filename": "po/hr.po", 
      "content_type": 22, 
      "fuzzy_perc": 0, 
      "untrans_perc": 0, 
      "fuzzy": 0, 
      "trans": 19
    }
  }, 
  {
    "pk": 25, 
    "model": "translations.pofile", 
    "fields": {
      "untrans": 0, 
      "total": 243, 
      "language": 38, 
      "created": "2008-11-21", 
      "trans_perc": 100, 
      "enabled": true, 
      "modified": "2008-11-21 16:26:11", 
      "object_id": 3, 
      "filename": "po/hu.po", 
      "content_type": 22, 
      "fuzzy_perc": 0, 
      "untrans_perc": 0, 
      "fuzzy": 0, 
      "trans": 243
    }
  }, 
  {
    "pk": 156, 
    "model": "translations.pofile", 
    "fields": {
      "untrans": 1092, 
      "total": 1371, 
      "language": 38, 
      "created": "2008-11-21", 
      "trans_perc": 1, 
      "enabled": true, 
      "modified": "2008-11-21 19:06:04", 
      "object_id": 1, 
      "filename": "po/hu.po", 
      "content_type": 22, 
      "fuzzy_perc": 18, 
      "untrans_perc": 79, 
      "fuzzy": 255, 
      "trans": 24
    }
  }, 
  {
    "pk": 209, 
    "model": "translations.pofile", 
    "fields": {
      "untrans": 0, 
      "total": 38, 
      "language": 38, 
      "created": "2008-11-21", 
      "trans_perc": 89, 
      "enabled": true, 
      "modified": "2008-11-21 19:06:31", 
      "object_id": 4, 
      "filename": "po/hu.po", 
      "content_type": 22, 
      "fuzzy_perc": 10, 
      "untrans_perc": 0, 
      "fuzzy": 4, 
      "trans": 34
    }
  }, 
  {
    "pk": 276, 
    "model": "translations.pofile", 
    "fields": {
      "untrans": 12, 
      "total": 76, 
      "language": 38, 
      "created": "2008-11-21", 
      "trans_perc": 82, 
      "enabled": true, 
      "modified": "2008-11-21 19:23:58", 
      "object_id": 5, 
      "filename": "po/hu.po", 
      "content_type": 22, 
      "fuzzy_perc": 1, 
      "untrans_perc": 15, 
      "fuzzy": 1, 
      "trans": 63
    }
  }, 
  {
    "pk": 323, 
    "model": "translations.pofile", 
    "fields": {
      "untrans": 0, 
      "total": 20, 
      "language": 38, 
      "created": "2008-11-21", 
      "trans_perc": 100, 
      "enabled": true, 
      "modified": "2008-11-21 19:24:07", 
      "object_id": 6, 
      "filename": "po/hu.po", 
      "content_type": 22, 
      "fuzzy_perc": 0, 
      "untrans_perc": 0, 
      "fuzzy": 0, 
      "trans": 20
    }
  }, 
  {
    "pk": 26, 
    "model": "translations.pofile", 
    "fields": {
      "untrans": 243, 
      "total": 243, 
      "language": 5, 
      "created": "2008-11-21", 
      "trans_perc": 0, 
      "enabled": true, 
      "modified": "2008-11-21 16:26:11", 
      "object_id": 3, 
      "filename": "po/hy.po", 
      "content_type": 22, 
      "fuzzy_perc": 0, 
      "untrans_perc": 100, 
      "fuzzy": 0, 
      "trans": 0
    }
  }, 
  {
    "pk": 210, 
    "model": "translations.pofile", 
    "fields": {
      "untrans": 34, 
      "total": 34, 
      "language": 5, 
      "created": "2008-11-21", 
      "trans_perc": 0, 
      "enabled": true, 
      "modified": "2008-11-21 19:06:31", 
      "object_id": 4, 
      "filename": "po/hy.po", 
      "content_type": 22, 
      "fuzzy_perc": 0, 
      "untrans_perc": 100, 
      "fuzzy": 0, 
      "trans": 0
    }
  }, 
  {
    "pk": 324, 
    "model": "translations.pofile", 
    "fields": {
      "untrans": 19, 
      "total": 19, 
      "language": 5, 
      "created": "2008-11-21", 
      "trans_perc": 0, 
      "enabled": true, 
      "modified": "2008-11-21 19:24:07", 
      "object_id": 6, 
      "filename": "po/hy.po", 
      "content_type": 22, 
      "fuzzy_perc": 0, 
      "untrans_perc": 100, 
      "fuzzy": 0, 
      "trans": 0
    }
  }, 
  {
    "pk": 27, 
    "model": "translations.pofile", 
    "fields": {
      "untrans": 0, 
      "total": 243, 
      "language": 41, 
      "created": "2008-11-21", 
      "trans_perc": 100, 
      "enabled": true, 
      "modified": "2008-11-21 16:26:11", 
      "object_id": 3, 
      "filename": "po/id.po", 
      "content_type": 22, 
      "fuzzy_perc": 0, 
      "untrans_perc": 0, 
      "fuzzy": 0, 
      "trans": 243
    }
  }, 
  {
    "pk": 157, 
    "model": "translations.pofile", 
    "fields": {
      "untrans": 1027, 
      "total": 1460, 
      "language": 41, 
      "created": "2008-11-21", 
      "trans_perc": 6, 
      "enabled": true, 
      "modified": "2008-11-21 19:06:04", 
      "object_id": 1, 
      "filename": "po/id.po", 
      "content_type": 22, 
      "fuzzy_perc": 23, 
      "untrans_perc": 70, 
      "fuzzy": 344, 
      "trans": 89
    }
  }, 
  {
    "pk": 211, 
    "model": "translations.pofile", 
    "fields": {
      "untrans": 0, 
      "total": 38, 
      "language": 41, 
      "created": "2008-11-21", 
      "trans_perc": 89, 
      "enabled": true, 
      "modified": "2008-11-21 19:06:31", 
      "object_id": 4, 
      "filename": "po/id.po", 
      "content_type": 22, 
      "fuzzy_perc": 10, 
      "untrans_perc": 0, 
      "fuzzy": 4, 
      "trans": 34
    }
  }, 
  {
    "pk": 325, 
    "model": "translations.pofile", 
    "fields": {
      "untrans": 0, 
      "total": 20, 
      "language": 41, 
      "created": "2008-11-21", 
      "trans_perc": 100, 
      "enabled": true, 
      "modified": "2008-11-21 19:24:07", 
      "object_id": 6, 
      "filename": "po/id.po", 
      "content_type": 22, 
      "fuzzy_perc": 0, 
      "untrans_perc": 0, 
      "fuzzy": 0, 
      "trans": 20
    }
  }, 
  {
    "pk": 326, 
    "model": "translations.pofile", 
    "fields": {
      "untrans": 5, 
      "total": 19, 
      "language": 40, 
      "created": "2008-11-21", 
      "trans_perc": 73, 
      "enabled": true, 
      "modified": "2008-11-21 19:24:07", 
      "object_id": 6, 
      "filename": "po/ilo.po", 
      "content_type": 22, 
      "fuzzy_perc": 0, 
      "untrans_perc": 26, 
      "fuzzy": 0, 
      "trans": 14
    }
  }, 
  {
    "pk": 28, 
    "model": "translations.pofile", 
    "fields": {
      "untrans": 30, 
      "total": 260, 
      "language": 39, 
      "created": "2008-11-21", 
      "trans_perc": 81, 
      "enabled": true, 
      "modified": "2008-11-21 16:26:11", 
      "object_id": 3, 
      "filename": "po/is.po", 
      "content_type": 22, 
      "fuzzy_perc": 6, 
      "untrans_perc": 11, 
      "fuzzy": 17, 
      "trans": 213
    }
  }, 
  {
    "pk": 212, 
    "model": "translations.pofile", 
    "fields": {
      "untrans": 32, 
      "total": 45, 
      "language": 39, 
      "created": "2008-11-21", 
      "trans_perc": 4, 
      "enabled": true, 
      "modified": "2008-11-21 19:06:31", 
      "object_id": 4, 
      "filename": "po/is.po", 
      "content_type": 22, 
      "fuzzy_perc": 24, 
      "untrans_perc": 71, 
      "fuzzy": 11, 
      "trans": 2
    }
  }, 
  {
    "pk": 327, 
    "model": "translations.pofile", 
    "fields": {
      "untrans": 0, 
      "total": 19, 
      "language": 39, 
      "created": "2008-11-21", 
      "trans_perc": 100, 
      "enabled": true, 
      "modified": "2008-11-21 19:24:07", 
      "object_id": 6, 
      "filename": "po/is.po", 
      "content_type": 22, 
      "fuzzy_perc": 0, 
      "untrans_perc": 0, 
      "fuzzy": 0, 
      "trans": 19
    }
  }, 
  {
    "pk": 29, 
    "model": "translations.pofile", 
    "fields": {
      "untrans": 0, 
      "total": 243, 
      "language": 42, 
      "created": "2008-11-21", 
      "trans_perc": 100, 
      "enabled": true, 
      "modified": "2008-11-21 16:26:11", 
      "object_id": 3, 
      "filename": "po/it.po", 
      "content_type": 22, 
      "fuzzy_perc": 0, 
      "untrans_perc": 0, 
      "fuzzy": 0, 
      "trans": 243
    }
  }, 
  {
    "pk": 158, 
    "model": "translations.pofile", 
    "fields": {
      "untrans": 67, 
      "total": 1130, 
      "language": 42, 
      "created": "2008-11-21", 
      "trans_perc": 92, 
      "enabled": true, 
      "modified": "2008-11-21 19:06:04", 
      "object_id": 1, 
      "filename": "po/it.po", 
      "content_type": 22, 
      "fuzzy_perc": 1, 
      "untrans_perc": 5, 
      "fuzzy": 14, 
      "trans": 1049
    }
  }, 
  {
    "pk": 213, 
    "model": "translations.pofile", 
    "fields": {
      "untrans": 0, 
      "total": 34, 
      "language": 42, 
      "created": "2008-11-21", 
      "trans_perc": 100, 
      "enabled": true, 
      "modified": "2008-11-21 19:06:31", 
      "object_id": 4, 
      "filename": "po/it.po", 
      "content_type": 22, 
      "fuzzy_perc": 0, 
      "untrans_perc": 0, 
      "fuzzy": 0, 
      "trans": 34
    }
  }, 
  {
    "pk": 277, 
    "model": "translations.pofile", 
    "fields": {
      "untrans": 0, 
      "total": 75, 
      "language": 42, 
      "created": "2008-11-21", 
      "trans_perc": 100, 
      "enabled": true, 
      "modified": "2008-11-21 19:23:58", 
      "object_id": 5, 
      "filename": "po/it.po", 
      "content_type": 22, 
      "fuzzy_perc": 0, 
      "untrans_perc": 0, 
      "fuzzy": 0, 
      "trans": 75
    }
  }, 
  {
    "pk": 328, 
    "model": "translations.pofile", 
    "fields": {
      "untrans": 0, 
      "total": 20, 
      "language": 42, 
      "created": "2008-11-21", 
      "trans_perc": 100, 
      "enabled": true, 
      "modified": "2008-11-21 19:24:07", 
      "object_id": 6, 
      "filename": "po/it.po", 
      "content_type": 22, 
      "fuzzy_perc": 0, 
      "untrans_perc": 0, 
      "fuzzy": 0, 
      "trans": 20
    }
  }, 
  {
    "pk": 278, 
    "model": "translations.pofile", 
    "fields": {
      "untrans": 17, 
      "total": 55, 
      "language": null, 
      "created": "2008-11-21", 
      "trans_perc": 61, 
      "enabled": true, 
      "modified": "2008-11-21 19:23:58", 
      "object_id": 5, 
      "filename": "po/it_IT.po", 
      "content_type": 22, 
      "fuzzy_perc": 7, 
      "untrans_perc": 30, 
      "fuzzy": 4, 
      "trans": 34
    }
  }, 
  {
    "pk": 30, 
    "model": "translations.pofile", 
    "fields": {
      "untrans": 0, 
      "total": 243, 
      "language": 43, 
      "created": "2008-11-21", 
      "trans_perc": 100, 
      "enabled": true, 
      "modified": "2008-11-21 16:26:11", 
      "object_id": 3, 
      "filename": "po/ja.po", 
      "content_type": 22, 
      "fuzzy_perc": 0, 
      "untrans_perc": 0, 
      "fuzzy": 0, 
      "trans": 243
    }
  }, 
  {
    "pk": 159, 
    "model": "translations.pofile", 
    "fields": {
      "untrans": 67, 
      "total": 1130, 
      "language": 43, 
      "created": "2008-11-21", 
      "trans_perc": 92, 
      "enabled": true, 
      "modified": "2008-11-21 19:06:04", 
      "object_id": 1, 
      "filename": "po/ja.po", 
      "content_type": 22, 
      "fuzzy_perc": 1, 
      "untrans_perc": 5, 
      "fuzzy": 14, 
      "trans": 1049
    }
  }, 
  {
    "pk": 214, 
    "model": "translations.pofile", 
    "fields": {
      "untrans": 0, 
      "total": 34, 
      "language": 43, 
      "created": "2008-11-21", 
      "trans_perc": 100, 
      "enabled": true, 
      "modified": "2008-11-21 19:06:31", 
      "object_id": 4, 
      "filename": "po/ja.po", 
      "content_type": 22, 
      "fuzzy_perc": 0, 
      "untrans_perc": 0, 
      "fuzzy": 0, 
      "trans": 34
    }
  }, 
  {
    "pk": 279, 
    "model": "translations.pofile", 
    "fields": {
      "untrans": 71, 
      "total": 75, 
      "language": 43, 
      "created": "2008-11-21", 
      "trans_perc": 5, 
      "enabled": true, 
      "modified": "2008-11-21 19:23:58", 
      "object_id": 5, 
      "filename": "po/ja.po", 
      "content_type": 22, 
      "fuzzy_perc": 0, 
      "untrans_perc": 94, 
      "fuzzy": 0, 
      "trans": 4
    }
  }, 
  {
    "pk": 329, 
    "model": "translations.pofile", 
    "fields": {
      "untrans": 0, 
      "total": 20, 
      "language": 43, 
      "created": "2008-11-21", 
      "trans_perc": 100, 
      "enabled": true, 
      "modified": "2008-11-21 19:24:07", 
      "object_id": 6, 
      "filename": "po/ja.po", 
      "content_type": 22, 
      "fuzzy_perc": 0, 
      "untrans_perc": 0, 
      "fuzzy": 0, 
      "trans": 20
    }
  }, 
  {
    "pk": 31, 
    "model": "translations.pofile", 
    "fields": {
      "untrans": 120, 
      "total": 256, 
      "language": 32, 
      "created": "2008-11-21", 
      "trans_perc": 48, 
      "enabled": true, 
      "modified": "2008-11-21 16:26:11", 
      "object_id": 3, 
      "filename": "po/ka.po", 
      "content_type": 22, 
      "fuzzy_perc": 5, 
      "untrans_perc": 46, 
      "fuzzy": 13, 
      "trans": 123
    }
  }, 
  {
    "pk": 215, 
    "model": "translations.pofile", 
    "fields": {
      "untrans": 32, 
      "total": 44, 
      "language": 32, 
      "created": "2008-11-21", 
      "trans_perc": 4, 
      "enabled": true, 
      "modified": "2008-11-21 19:06:31", 
      "object_id": 4, 
      "filename": "po/ka.po", 
      "content_type": 22, 
      "fuzzy_perc": 22, 
      "untrans_perc": 72, 
      "fuzzy": 10, 
      "trans": 2
    }
  }, 
  {
    "pk": 280, 
    "model": "translations.pofile", 
    "fields": {
      "untrans": 6, 
      "total": 75, 
      "language": 32, 
      "created": "2008-11-21", 
      "trans_perc": 92, 
      "enabled": true, 
      "modified": "2008-11-21 19:23:58", 
      "object_id": 5, 
      "filename": "po/ka.po", 
      "content_type": 22, 
      "fuzzy_perc": 0, 
      "untrans_perc": 8, 
      "fuzzy": 0, 
      "trans": 69
    }
  }, 
  {
    "pk": 330, 
    "model": "translations.pofile", 
    "fields": {
      "untrans": 3, 
      "total": 19, 
      "language": 32, 
      "created": "2008-11-21", 
      "trans_perc": 84, 
      "enabled": true, 
      "modified": "2008-11-21 19:24:07", 
      "object_id": 6, 
      "filename": "po/ka.po", 
      "content_type": 22, 
      "fuzzy_perc": 0, 
      "untrans_perc": 15, 
      "fuzzy": 0, 
      "trans": 16
    }
  }, 
  {
    "pk": 32, 
    "model": "translations.pofile", 
    "fields": {
      "untrans": 0, 
      "total": 243, 
      "language": 44, 
      "created": "2008-11-21", 
      "trans_perc": 100, 
      "enabled": true, 
      "modified": "2008-11-21 16:26:11", 
      "object_id": 3, 
      "filename": "po/kn.po", 
      "content_type": 22, 
      "fuzzy_perc": 0, 
      "untrans_perc": 0, 
      "fuzzy": 0, 
      "trans": 243
    }
  }, 
  {
    "pk": 160, 
    "model": "translations.pofile", 
    "fields": {
      "untrans": 254, 
      "total": 1129, 
      "language": 44, 
      "created": "2008-11-21", 
      "trans_perc": 76, 
      "enabled": true, 
      "modified": "2008-11-21 19:06:05", 
      "object_id": 1, 
      "filename": "po/kn.po", 
      "content_type": 22, 
      "fuzzy_perc": 1, 
      "untrans_perc": 22, 
      "fuzzy": 13, 
      "trans": 862
    }
  }, 
  {
    "pk": 216, 
    "model": "translations.pofile", 
    "fields": {
      "untrans": 0, 
      "total": 34, 
      "language": 44, 
      "created": "2008-11-21", 
      "trans_perc": 100, 
      "enabled": true, 
      "modified": "2008-11-21 19:06:32", 
      "object_id": 4, 
      "filename": "po/kn.po", 
      "content_type": 22, 
      "fuzzy_perc": 0, 
      "untrans_perc": 0, 
      "fuzzy": 0, 
      "trans": 34
    }
  }, 
  {
    "pk": 331, 
    "model": "translations.pofile", 
    "fields": {
      "untrans": 0, 
      "total": 20, 
      "language": 44, 
      "created": "2008-11-21", 
      "trans_perc": 100, 
      "enabled": true, 
      "modified": "2008-11-21 19:24:07", 
      "object_id": 6, 
      "filename": "po/kn.po", 
      "content_type": 22, 
      "fuzzy_perc": 0, 
      "untrans_perc": 0, 
      "fuzzy": 0, 
      "trans": 20
    }
  }, 
  {
    "pk": 33, 
    "model": "translations.pofile", 
    "fields": {
      "untrans": 0, 
      "total": 243, 
      "language": 45, 
      "created": "2008-11-21", 
      "trans_perc": 100, 
      "enabled": true, 
      "modified": "2008-11-21 16:26:11", 
      "object_id": 3, 
      "filename": "po/ko.po", 
      "content_type": 22, 
      "fuzzy_perc": 0, 
      "untrans_perc": 0, 
      "fuzzy": 0, 
      "trans": 243
    }
  }, 
  {
    "pk": 161, 
    "model": "translations.pofile", 
    "fields": {
      "untrans": 67, 
      "total": 1130, 
      "language": 45, 
      "created": "2008-11-21", 
      "trans_perc": 92, 
      "enabled": true, 
      "modified": "2008-11-21 19:06:05", 
      "object_id": 1, 
      "filename": "po/ko.po", 
      "content_type": 22, 
      "fuzzy_perc": 1, 
      "untrans_perc": 5, 
      "fuzzy": 14, 
      "trans": 1049
    }
  }, 
  {
    "pk": 217, 
    "model": "translations.pofile", 
    "fields": {
      "untrans": 0, 
      "total": 34, 
      "language": 45, 
      "created": "2008-11-21", 
      "trans_perc": 100, 
      "enabled": true, 
      "modified": "2008-11-21 19:06:32", 
      "object_id": 4, 
      "filename": "po/ko.po", 
      "content_type": 22, 
      "fuzzy_perc": 0, 
      "untrans_perc": 0, 
      "fuzzy": 0, 
      "trans": 34
    }
  }, 
  {
    "pk": 281, 
    "model": "translations.pofile", 
    "fields": {
      "untrans": 0, 
      "total": 75, 
      "language": 45, 
      "created": "2008-11-21", 
      "trans_perc": 100, 
      "enabled": true, 
      "modified": "2008-11-21 19:23:58", 
      "object_id": 5, 
      "filename": "po/ko.po", 
      "content_type": 22, 
      "fuzzy_perc": 0, 
      "untrans_perc": 0, 
      "fuzzy": 0, 
      "trans": 75
    }
  }, 
  {
    "pk": 332, 
    "model": "translations.pofile", 
    "fields": {
      "untrans": 0, 
      "total": 20, 
      "language": 45, 
      "created": "2008-11-21", 
      "trans_perc": 100, 
      "enabled": true, 
      "modified": "2008-11-21 19:24:07", 
      "object_id": 6, 
      "filename": "po/ko.po", 
      "content_type": 22, 
      "fuzzy_perc": 0, 
      "untrans_perc": 0, 
      "fuzzy": 0, 
      "trans": 20
    }
  }, 
  {
    "pk": 34, 
    "model": "translations.pofile", 
    "fields": {
      "untrans": 243, 
      "total": 243, 
      "language": 46, 
      "created": "2008-11-21", 
      "trans_perc": 0, 
      "enabled": true, 
      "modified": "2008-11-21 16:26:11", 
      "object_id": 3, 
      "filename": "po/ku.po", 
      "content_type": 22, 
      "fuzzy_perc": 0, 
      "untrans_perc": 100, 
      "fuzzy": 0, 
      "trans": 0
    }
  }, 
  {
    "pk": 218, 
    "model": "translations.pofile", 
    "fields": {
      "untrans": 34, 
      "total": 34, 
      "language": 46, 
      "created": "2008-11-21", 
      "trans_perc": 0, 
      "enabled": true, 
      "modified": "2008-11-21 19:06:32", 
      "object_id": 4, 
      "filename": "po/ku.po", 
      "content_type": 22, 
      "fuzzy_perc": 0, 
      "untrans_perc": 100, 
      "fuzzy": 0, 
      "trans": 0
    }
  }, 
  {
    "pk": 333, 
    "model": "translations.pofile", 
    "fields": {
      "untrans": 19, 
      "total": 19, 
      "language": 46, 
      "created": "2008-11-21", 
      "trans_perc": 0, 
      "enabled": true, 
      "modified": "2008-11-21 19:24:07", 
      "object_id": 6, 
      "filename": "po/ku.po", 
      "content_type": 22, 
      "fuzzy_perc": 0, 
      "untrans_perc": 100, 
      "fuzzy": 0, 
      "trans": 0
    }
  }, 
  {
    "pk": 35, 
    "model": "translations.pofile", 
    "fields": {
      "untrans": 243, 
      "total": 243, 
      "language": 47, 
      "created": "2008-11-21", 
      "trans_perc": 0, 
      "enabled": true, 
      "modified": "2008-11-21 16:26:11", 
      "object_id": 3, 
      "filename": "po/lo.po", 
      "content_type": 22, 
      "fuzzy_perc": 0, 
      "untrans_perc": 100, 
      "fuzzy": 0, 
      "trans": 0
    }
  }, 
  {
    "pk": 219, 
    "model": "translations.pofile", 
    "fields": {
      "untrans": 34, 
      "total": 34, 
      "language": 47, 
      "created": "2008-11-21", 
      "trans_perc": 0, 
      "enabled": true, 
      "modified": "2008-11-21 19:06:32", 
      "object_id": 4, 
      "filename": "po/lo.po", 
      "content_type": 22, 
      "fuzzy_perc": 0, 
      "untrans_perc": 100, 
      "fuzzy": 0, 
      "trans": 0
    }
  }, 
  {
    "pk": 334, 
    "model": "translations.pofile", 
    "fields": {
      "untrans": 19, 
      "total": 19, 
      "language": 47, 
      "created": "2008-11-21", 
      "trans_perc": 0, 
      "enabled": true, 
      "modified": "2008-11-21 19:24:07", 
      "object_id": 6, 
      "filename": "po/lo.po", 
      "content_type": 22, 
      "fuzzy_perc": 0, 
      "untrans_perc": 100, 
      "fuzzy": 0, 
      "trans": 0
    }
  }, 
  {
    "pk": 220, 
    "model": "translations.pofile", 
    "fields": {
      "untrans": 34, 
      "total": 34, 
      "language": 49, 
      "created": "2008-11-21", 
      "trans_perc": 0, 
      "enabled": true, 
      "modified": "2008-11-21 19:06:32", 
      "object_id": 4, 
      "filename": "po/lt.po", 
      "content_type": 22, 
      "fuzzy_perc": 0, 
      "untrans_perc": 100, 
      "fuzzy": 0, 
      "trans": 0
    }
  }, 
  {
    "pk": 335, 
    "model": "translations.pofile", 
    "fields": {
      "untrans": 0, 
      "total": 19, 
      "language": 49, 
      "created": "2008-11-21", 
      "trans_perc": 100, 
      "enabled": true, 
      "modified": "2008-11-21 19:24:07", 
      "object_id": 6, 
      "filename": "po/lt.po", 
      "content_type": 22, 
      "fuzzy_perc": 0, 
      "untrans_perc": 0, 
      "fuzzy": 0, 
      "trans": 19
    }
  }, 
  {
    "pk": 36, 
    "model": "translations.pofile", 
    "fields": {
      "untrans": 203, 
      "total": 243, 
      "language": 48, 
      "created": "2008-11-21", 
      "trans_perc": 16, 
      "enabled": true, 
      "modified": "2008-11-21 16:26:11", 
      "object_id": 3, 
      "filename": "po/lv.po", 
      "content_type": 22, 
      "fuzzy_perc": 0, 
      "untrans_perc": 83, 
      "fuzzy": 0, 
      "trans": 40
    }
  }, 
  {
    "pk": 221, 
    "model": "translations.pofile", 
    "fields": {
      "untrans": 31, 
      "total": 48, 
      "language": 48, 
      "created": "2008-11-21", 
      "trans_perc": 6, 
      "enabled": true, 
      "modified": "2008-11-21 19:06:32", 
      "object_id": 4, 
      "filename": "po/lv.po", 
      "content_type": 22, 
      "fuzzy_perc": 29, 
      "untrans_perc": 64, 
      "fuzzy": 14, 
      "trans": 3
    }
  }, 
  {
    "pk": 336, 
    "model": "translations.pofile", 
    "fields": {
      "untrans": 0, 
      "total": 19, 
      "language": 48, 
      "created": "2008-11-21", 
      "trans_perc": 100, 
      "enabled": true, 
      "modified": "2008-11-21 19:24:07", 
      "object_id": 6, 
      "filename": "po/lv.po", 
      "content_type": 22, 
      "fuzzy_perc": 0, 
      "untrans_perc": 0, 
      "fuzzy": 0, 
      "trans": 19
    }
  }, 
  {
    "pk": 337, 
    "model": "translations.pofile", 
    "fields": {
      "untrans": 1, 
      "total": 20, 
      "language": 51, 
      "created": "2008-11-21", 
      "trans_perc": 95, 
      "enabled": true, 
      "modified": "2008-11-21 19:24:07", 
      "object_id": 6, 
      "filename": "po/mai.po", 
      "content_type": 22, 
      "fuzzy_perc": 0, 
      "untrans_perc": 5, 
      "fuzzy": 0, 
      "trans": 19
    }
  }, 
  {
    "pk": 37, 
    "model": "translations.pofile", 
    "fields": {
      "untrans": 34, 
      "total": 258, 
      "language": 50, 
      "created": "2008-11-21", 
      "trans_perc": 81, 
      "enabled": true, 
      "modified": "2008-11-21 16:26:12", 
      "object_id": 3, 
      "filename": "po/mk.po", 
      "content_type": 22, 
      "fuzzy_perc": 5, 
      "untrans_perc": 13, 
      "fuzzy": 15, 
      "trans": 209
    }
  }, 
  {
    "pk": 222, 
    "model": "translations.pofile", 
    "fields": {
      "untrans": 34, 
      "total": 34, 
      "language": 50, 
      "created": "2008-11-21", 
      "trans_perc": 0, 
      "enabled": true, 
      "modified": "2008-11-21 19:06:32", 
      "object_id": 4, 
      "filename": "po/mk.po", 
      "content_type": 22, 
      "fuzzy_perc": 0, 
      "untrans_perc": 100, 
      "fuzzy": 0, 
      "trans": 0
    }
  }, 
  {
    "pk": 338, 
    "model": "translations.pofile", 
    "fields": {
      "untrans": 0, 
      "total": 19, 
      "language": 50, 
      "created": "2008-11-21", 
      "trans_perc": 100, 
      "enabled": true, 
      "modified": "2008-11-21 19:24:07", 
      "object_id": 6, 
      "filename": "po/mk.po", 
      "content_type": 22, 
      "fuzzy_perc": 0, 
      "untrans_perc": 0, 
      "fuzzy": 0, 
      "trans": 19
    }
  }, 
  {
    "pk": 38, 
    "model": "translations.pofile", 
    "fields": {
      "untrans": 0, 
      "total": 243, 
      "language": 53, 
      "created": "2008-11-21", 
      "trans_perc": 100, 
      "enabled": true, 
      "modified": "2008-11-21 16:26:12", 
      "object_id": 3, 
      "filename": "po/ml.po", 
      "content_type": 22, 
      "fuzzy_perc": 0, 
      "untrans_perc": 0, 
      "fuzzy": 0, 
      "trans": 243
    }
  }, 
  {
    "pk": 162, 
    "model": "translations.pofile", 
    "fields": {
      "untrans": 89, 
      "total": 1130, 
      "language": 53, 
      "created": "2008-11-21", 
      "trans_perc": 90, 
      "enabled": true, 
      "modified": "2008-11-21 19:06:05", 
      "object_id": 1, 
      "filename": "po/ml.po", 
      "content_type": 22, 
      "fuzzy_perc": 1, 
      "untrans_perc": 7, 
      "fuzzy": 14, 
      "trans": 1027
    }
  }, 
  {
    "pk": 223, 
    "model": "translations.pofile", 
    "fields": {
      "untrans": 0, 
      "total": 34, 
      "language": 53, 
      "created": "2008-11-21", 
      "trans_perc": 100, 
      "enabled": true, 
      "modified": "2008-11-21 19:06:32", 
      "object_id": 4, 
      "filename": "po/ml.po", 
      "content_type": 22, 
      "fuzzy_perc": 0, 
      "untrans_perc": 0, 
      "fuzzy": 0, 
      "trans": 34
    }
  }, 
  {
    "pk": 339, 
    "model": "translations.pofile", 
    "fields": {
      "untrans": 0, 
      "total": 20, 
      "language": 53, 
      "created": "2008-11-21", 
      "trans_perc": 100, 
      "enabled": true, 
      "modified": "2008-11-21 19:24:07", 
      "object_id": 6, 
      "filename": "po/ml.po", 
      "content_type": 22, 
      "fuzzy_perc": 0, 
      "untrans_perc": 0, 
      "fuzzy": 0, 
      "trans": 20
    }
  }, 
  {
    "pk": 224, 
    "model": "translations.pofile", 
    "fields": {
      "untrans": 26, 
      "total": 45, 
      "language": 55, 
      "created": "2008-11-21", 
      "trans_perc": 17, 
      "enabled": true, 
      "modified": "2008-11-21 19:06:32", 
      "object_id": 4, 
      "filename": "po/mn.po", 
      "content_type": 22, 
      "fuzzy_perc": 24, 
      "untrans_perc": 57, 
      "fuzzy": 11, 
      "trans": 8
    }
  }, 
  {
    "pk": 39, 
    "model": "translations.pofile", 
    "fields": {
      "untrans": 0, 
      "total": 243, 
      "language": 54, 
      "created": "2008-11-21", 
      "trans_perc": 100, 
      "enabled": true, 
      "modified": "2008-11-21 16:26:12", 
      "object_id": 3, 
      "filename": "po/mr.po", 
      "content_type": 22, 
      "fuzzy_perc": 0, 
      "untrans_perc": 0, 
      "fuzzy": 0, 
      "trans": 243
    }
  }, 
  {
    "pk": 163, 
    "model": "translations.pofile", 
    "fields": {
      "untrans": 67, 
      "total": 1130, 
      "language": 54, 
      "created": "2008-11-21", 
      "trans_perc": 92, 
      "enabled": true, 
      "modified": "2008-11-21 19:06:05", 
      "object_id": 1, 
      "filename": "po/mr.po", 
      "content_type": 22, 
      "fuzzy_perc": 1, 
      "untrans_perc": 5, 
      "fuzzy": 14, 
      "trans": 1049
    }
  }, 
  {
    "pk": 225, 
    "model": "translations.pofile", 
    "fields": {
      "untrans": 0, 
      "total": 34, 
      "language": 54, 
      "created": "2008-11-21", 
      "trans_perc": 100, 
      "enabled": true, 
      "modified": "2008-11-21 19:06:32", 
      "object_id": 4, 
      "filename": "po/mr.po", 
      "content_type": 22, 
      "fuzzy_perc": 0, 
      "untrans_perc": 0, 
      "fuzzy": 0, 
      "trans": 34
    }
  }, 
  {
    "pk": 340, 
    "model": "translations.pofile", 
    "fields": {
      "untrans": 0, 
      "total": 20, 
      "language": 54, 
      "created": "2008-11-21", 
      "trans_perc": 100, 
      "enabled": true, 
      "modified": "2008-11-21 19:24:07", 
      "object_id": 6, 
      "filename": "po/mr.po", 
      "content_type": 22, 
      "fuzzy_perc": 0, 
      "untrans_perc": 0, 
      "fuzzy": 0, 
      "trans": 20
    }
  }, 
  {
    "pk": 40, 
    "model": "translations.pofile", 
    "fields": {
      "untrans": 27, 
      "total": 258, 
      "language": 52, 
      "created": "2008-11-21", 
      "trans_perc": 83, 
      "enabled": true, 
      "modified": "2008-11-21 16:26:12", 
      "object_id": 3, 
      "filename": "po/ms.po", 
      "content_type": 22, 
      "fuzzy_perc": 5, 
      "untrans_perc": 10, 
      "fuzzy": 15, 
      "trans": 216
    }
  }, 
  {
    "pk": 164, 
    "model": "translations.pofile", 
    "fields": {
      "untrans": 1095, 
      "total": 1308, 
      "language": 52, 
      "created": "2008-11-21", 
      "trans_perc": 1, 
      "enabled": true, 
      "modified": "2008-11-21 19:06:05", 
      "object_id": 1, 
      "filename": "po/ms.po", 
      "content_type": 22, 
      "fuzzy_perc": 14, 
      "untrans_perc": 83, 
      "fuzzy": 192, 
      "trans": 21
    }
  }, 
  {
    "pk": 226, 
    "model": "translations.pofile", 
    "fields": {
      "untrans": 31, 
      "total": 48, 
      "language": 52, 
      "created": "2008-11-21", 
      "trans_perc": 6, 
      "enabled": true, 
      "modified": "2008-11-21 19:06:32", 
      "object_id": 4, 
      "filename": "po/ms.po", 
      "content_type": 22, 
      "fuzzy_perc": 29, 
      "untrans_perc": 64, 
      "fuzzy": 14, 
      "trans": 3
    }
  }, 
  {
    "pk": 341, 
    "model": "translations.pofile", 
    "fields": {
      "untrans": 0, 
      "total": 19, 
      "language": 52, 
      "created": "2008-11-21", 
      "trans_perc": 100, 
      "enabled": true, 
      "modified": "2008-11-21 19:24:07", 
      "object_id": 6, 
      "filename": "po/ms.po", 
      "content_type": 22, 
      "fuzzy_perc": 0, 
      "untrans_perc": 0, 
      "fuzzy": 0, 
      "trans": 19
    }
  }, 
  {
    "pk": 41, 
    "model": "translations.pofile", 
    "fields": {
      "untrans": 243, 
      "total": 243, 
      "language": 19, 
      "created": "2008-11-21", 
      "trans_perc": 0, 
      "enabled": true, 
      "modified": "2008-11-21 16:26:12", 
      "object_id": 3, 
      "filename": "po/my.po", 
      "content_type": 22, 
      "fuzzy_perc": 0, 
      "untrans_perc": 100, 
      "fuzzy": 0, 
      "trans": 0
    }
  }, 
  {
    "pk": 227, 
    "model": "translations.pofile", 
    "fields": {
      "untrans": 34, 
      "total": 34, 
      "language": 19, 
      "created": "2008-11-21", 
      "trans_perc": 0, 
      "enabled": true, 
      "modified": "2008-11-21 19:06:32", 
      "object_id": 4, 
      "filename": "po/my.po", 
      "content_type": 22, 
      "fuzzy_perc": 0, 
      "untrans_perc": 100, 
      "fuzzy": 0, 
      "trans": 0
    }
  }, 
  {
    "pk": 342, 
    "model": "translations.pofile", 
    "fields": {
      "untrans": 19, 
      "total": 19, 
      "language": 19, 
      "created": "2008-11-21", 
      "trans_perc": 0, 
      "enabled": true, 
      "modified": "2008-11-21 19:24:07", 
      "object_id": 6, 
      "filename": "po/my.po", 
      "content_type": 22, 
      "fuzzy_perc": 0, 
      "untrans_perc": 100, 
      "fuzzy": 0, 
      "trans": 0
    }
  }, 
  {
    "pk": 42, 
    "model": "translations.pofile", 
    "fields": {
      "untrans": 0, 
      "total": 243, 
      "language": 59, 
      "created": "2008-11-21", 
      "trans_perc": 100, 
      "enabled": true, 
      "modified": "2008-11-21 16:26:12", 
      "object_id": 3, 
      "filename": "po/nb.po", 
      "content_type": 22, 
      "fuzzy_perc": 0, 
      "untrans_perc": 0, 
      "fuzzy": 0, 
      "trans": 243
    }
  }, 
  {
    "pk": 165, 
    "model": "translations.pofile", 
    "fields": {
      "untrans": 1038, 
      "total": 1482, 
      "language": 59, 
      "created": "2008-11-21", 
      "trans_perc": 5, 
      "enabled": true, 
      "modified": "2008-11-21 19:06:06", 
      "object_id": 1, 
      "filename": "po/nb.po", 
      "content_type": 22, 
      "fuzzy_perc": 24, 
      "untrans_perc": 70, 
      "fuzzy": 366, 
      "trans": 78
    }
  }, 
  {
    "pk": 228, 
    "model": "translations.pofile", 
    "fields": {
      "untrans": 7, 
      "total": 34, 
      "language": 59, 
      "created": "2008-11-21", 
      "trans_perc": 79, 
      "enabled": true, 
      "modified": "2008-11-21 19:06:32", 
      "object_id": 4, 
      "filename": "po/nb.po", 
      "content_type": 22, 
      "fuzzy_perc": 0, 
      "untrans_perc": 20, 
      "fuzzy": 0, 
      "trans": 27
    }
  }, 
  {
    "pk": 282, 
    "model": "translations.pofile", 
    "fields": {
      "untrans": 0, 
      "total": 75, 
      "language": 59, 
      "created": "2008-11-21", 
      "trans_perc": 100, 
      "enabled": true, 
      "modified": "2008-11-21 19:23:58", 
      "object_id": 5, 
      "filename": "po/nb.po", 
      "content_type": 22, 
      "fuzzy_perc": 0, 
      "untrans_perc": 0, 
      "fuzzy": 0, 
      "trans": 75
    }
  }, 
  {
    "pk": 343, 
    "model": "translations.pofile", 
    "fields": {
      "untrans": 0, 
      "total": 20, 
      "language": 59, 
      "created": "2008-11-21", 
      "trans_perc": 100, 
      "enabled": true, 
      "modified": "2008-11-21 19:24:07", 
      "object_id": 6, 
      "filename": "po/nb.po", 
      "content_type": 22, 
      "fuzzy_perc": 0, 
      "untrans_perc": 0, 
      "fuzzy": 0, 
      "trans": 20
    }
  }, 
  {
    "pk": 43, 
    "model": "translations.pofile", 
    "fields": {
      "untrans": 0, 
      "total": 247, 
      "language": 26, 
      "created": "2008-11-21", 
      "trans_perc": 98, 
      "enabled": true, 
      "modified": "2008-11-21 16:26:12", 
      "object_id": 3, 
      "filename": "po/nl.po", 
      "content_type": 22, 
      "fuzzy_perc": 1, 
      "untrans_perc": 0, 
      "fuzzy": 4, 
      "trans": 243
    }
  }, 
  {
    "pk": 166, 
    "model": "translations.pofile", 
    "fields": {
      "untrans": 0, 
      "total": 1117, 
      "language": 26, 
      "created": "2008-11-21", 
      "trans_perc": 99, 
      "enabled": true, 
      "modified": "2008-11-21 19:06:06", 
      "object_id": 1, 
      "filename": "po/nl.po", 
      "content_type": 22, 
      "fuzzy_perc": 0, 
      "untrans_perc": 0, 
      "fuzzy": 1, 
      "trans": 1116
    }
  }, 
  {
    "pk": 229, 
    "model": "translations.pofile", 
    "fields": {
      "untrans": 0, 
      "total": 34, 
      "language": 26, 
      "created": "2008-11-21", 
      "trans_perc": 100, 
      "enabled": true, 
      "modified": "2008-11-21 19:06:32", 
      "object_id": 4, 
      "filename": "po/nl.po", 
      "content_type": 22, 
      "fuzzy_perc": 0, 
      "untrans_perc": 0, 
      "fuzzy": 0, 
      "trans": 34
    }
  }, 
  {
    "pk": 283, 
    "model": "translations.pofile", 
    "fields": {
      "untrans": 0, 
      "total": 75, 
      "language": 26, 
      "created": "2008-11-21", 
      "trans_perc": 100, 
      "enabled": true, 
      "modified": "2008-11-21 19:23:58", 
      "object_id": 5, 
      "filename": "po/nl.po", 
      "content_type": 22, 
      "fuzzy_perc": 0, 
      "untrans_perc": 0, 
      "fuzzy": 0, 
      "trans": 75
    }
  }, 
  {
    "pk": 344, 
    "model": "translations.pofile", 
    "fields": {
      "untrans": 0, 
      "total": 20, 
      "language": 26, 
      "created": "2008-11-21", 
      "trans_perc": 100, 
      "enabled": true, 
      "modified": "2008-11-21 19:24:07", 
      "object_id": 6, 
      "filename": "po/nl.po", 
      "content_type": 22, 
      "fuzzy_perc": 0, 
      "untrans_perc": 0, 
      "fuzzy": 0, 
      "trans": 20
    }
  }, 
  {
    "pk": 44, 
    "model": "translations.pofile", 
    "fields": {
      "untrans": 238, 
      "total": 355, 
      "language": 60, 
      "created": "2008-11-21", 
      "trans_perc": 1, 
      "enabled": true, 
      "modified": "2008-11-21 16:26:12", 
      "object_id": 3, 
      "filename": "po/nn.po", 
      "content_type": 22, 
      "fuzzy_perc": 31, 
      "untrans_perc": 67, 
      "fuzzy": 112, 
      "trans": 5
    }
  }, 
  {
    "pk": 230, 
    "model": "translations.pofile", 
    "fields": {
      "untrans": 34, 
      "total": 34, 
      "language": 60, 
      "created": "2008-11-21", 
      "trans_perc": 0, 
      "enabled": true, 
      "modified": "2008-11-21 19:06:32", 
      "object_id": 4, 
      "filename": "po/nn.po", 
      "content_type": 22, 
      "fuzzy_perc": 0, 
      "untrans_perc": 100, 
      "fuzzy": 0, 
      "trans": 0
    }
  }, 
  {
    "pk": 284, 
    "model": "translations.pofile", 
    "fields": {
      "untrans": 0, 
      "total": 75, 
      "language": 60, 
      "created": "2008-11-21", 
      "trans_perc": 100, 
      "enabled": true, 
      "modified": "2008-11-21 19:23:58", 
      "object_id": 5, 
      "filename": "po/nn.po", 
      "content_type": 22, 
      "fuzzy_perc": 0, 
      "untrans_perc": 0, 
      "fuzzy": 0, 
      "trans": 75
    }
  }, 
  {
    "pk": 345, 
    "model": "translations.pofile", 
    "fields": {
      "untrans": 17, 
      "total": 21, 
      "language": 60, 
      "created": "2008-11-21", 
      "trans_perc": 9, 
      "enabled": true, 
      "modified": "2008-11-21 19:24:07", 
      "object_id": 6, 
      "filename": "po/nn.po", 
      "content_type": 22, 
      "fuzzy_perc": 9, 
      "untrans_perc": 80, 
      "fuzzy": 2, 
      "trans": 2
    }
  }, 
  {
    "pk": 285, 
    "model": "translations.pofile", 
    "fields": {
      "untrans": 51, 
      "total": 51, 
      "language": null, 
      "created": "2008-11-21", 
      "trans_perc": 0, 
      "enabled": true, 
      "modified": "2008-11-21 19:23:58", 
      "object_id": 5, 
      "filename": "po/no_NO.po", 
      "content_type": 22, 
      "fuzzy_perc": 0, 
      "untrans_perc": 100, 
      "fuzzy": 0, 
      "trans": 0
    }
  }, 
  {
    "pk": 231, 
    "model": "translations.pofile", 
    "fields": {
      "untrans": 34, 
      "total": 34, 
      "language": 57, 
      "created": "2008-11-21", 
      "trans_perc": 0, 
      "enabled": true, 
      "modified": "2008-11-21 19:06:32", 
      "object_id": 4, 
      "filename": "po/nso.po", 
      "content_type": 22, 
      "fuzzy_perc": 0, 
      "untrans_perc": 100, 
      "fuzzy": 0, 
      "trans": 0
    }
  }, 
  {
    "pk": 45, 
    "model": "translations.pofile", 
    "fields": {
      "untrans": 0, 
      "total": 243, 
      "language": 61, 
      "created": "2008-11-21", 
      "trans_perc": 100, 
      "enabled": true, 
      "modified": "2008-11-21 16:26:12", 
      "object_id": 3, 
      "filename": "po/or.po", 
      "content_type": 22, 
      "fuzzy_perc": 0, 
      "untrans_perc": 0, 
      "fuzzy": 0, 
      "trans": 243
    }
  }, 
  {
    "pk": 167, 
    "model": "translations.pofile", 
    "fields": {
      "untrans": 178, 
      "total": 1130, 
      "language": 61, 
      "created": "2008-11-21", 
      "trans_perc": 83, 
      "enabled": true, 
      "modified": "2008-11-21 19:06:06", 
      "object_id": 1, 
      "filename": "po/or.po", 
      "content_type": 22, 
      "fuzzy_perc": 1, 
      "untrans_perc": 15, 
      "fuzzy": 14, 
      "trans": 938
    }
  }, 
  {
    "pk": 232, 
    "model": "translations.pofile", 
    "fields": {
      "untrans": 0, 
      "total": 34, 
      "language": 61, 
      "created": "2008-11-21", 
      "trans_perc": 100, 
      "enabled": true, 
      "modified": "2008-11-21 19:06:32", 
      "object_id": 4, 
      "filename": "po/or.po", 
      "content_type": 22, 
      "fuzzy_perc": 0, 
      "untrans_perc": 0, 
      "fuzzy": 0, 
      "trans": 34
    }
  }, 
  {
    "pk": 346, 
    "model": "translations.pofile", 
    "fields": {
      "untrans": 0, 
      "total": 20, 
      "language": 61, 
      "created": "2008-11-21", 
      "trans_perc": 100, 
      "enabled": true, 
      "modified": "2008-11-21 19:24:07", 
      "object_id": 6, 
      "filename": "po/or.po", 
      "content_type": 22, 
      "fuzzy_perc": 0, 
      "untrans_perc": 0, 
      "fuzzy": 0, 
      "trans": 20
    }
  }, 
  {
    "pk": 46, 
    "model": "translations.pofile", 
    "fields": {
      "untrans": 0, 
      "total": 243, 
      "language": 65, 
      "created": "2008-11-21", 
      "trans_perc": 100, 
      "enabled": true, 
      "modified": "2008-11-21 16:26:12", 
      "object_id": 3, 
      "filename": "po/pa.po", 
      "content_type": 22, 
      "fuzzy_perc": 0, 
      "untrans_perc": 0, 
      "fuzzy": 0, 
      "trans": 243
    }
  }, 
  {
    "pk": 168, 
    "model": "translations.pofile", 
    "fields": {
      "untrans": 391, 
      "total": 1218, 
      "language": 65, 
      "created": "2008-11-21", 
      "trans_perc": 59, 
      "enabled": true, 
      "modified": "2008-11-21 19:06:06", 
      "object_id": 1, 
      "filename": "po/pa.po", 
      "content_type": 22, 
      "fuzzy_perc": 8, 
      "untrans_perc": 32, 
      "fuzzy": 102, 
      "trans": 725
    }
  }, 
  {
    "pk": 233, 
    "model": "translations.pofile", 
    "fields": {
      "untrans": 0, 
      "total": 34, 
      "language": 65, 
      "created": "2008-11-21", 
      "trans_perc": 100, 
      "enabled": true, 
      "modified": "2008-11-21 19:06:32", 
      "object_id": 4, 
      "filename": "po/pa.po", 
      "content_type": 22, 
      "fuzzy_perc": 0, 
      "untrans_perc": 0, 
      "fuzzy": 0, 
      "trans": 34
    }
  }, 
  {
    "pk": 347, 
    "model": "translations.pofile", 
    "fields": {
      "untrans": 0, 
      "total": 20, 
      "language": 65, 
      "created": "2008-11-21", 
      "trans_perc": 100, 
      "enabled": true, 
      "modified": "2008-11-21 19:24:07", 
      "object_id": 6, 
      "filename": "po/pa.po", 
      "content_type": 22, 
      "fuzzy_perc": 0, 
      "untrans_perc": 0, 
      "fuzzy": 0, 
      "trans": 20
    }
  }, 
  {
    "pk": 47, 
    "model": "translations.pofile", 
    "fields": {
      "untrans": 0, 
      "total": 243, 
      "language": 63, 
      "created": "2008-11-21", 
      "trans_perc": 100, 
      "enabled": true, 
      "modified": "2008-11-21 16:26:12", 
      "object_id": 3, 
      "filename": "po/pl.po", 
      "content_type": 22, 
      "fuzzy_perc": 0, 
      "untrans_perc": 0, 
      "fuzzy": 0, 
      "trans": 243
    }
  }, 
  {
    "pk": 169, 
    "model": "translations.pofile", 
    "fields": {
      "untrans": 0, 
      "total": 1116, 
      "language": 63, 
      "created": "2008-11-21", 
      "trans_perc": 100, 
      "enabled": true, 
      "modified": "2008-11-21 19:06:07", 
      "object_id": 1, 
      "filename": "po/pl.po", 
      "content_type": 22, 
      "fuzzy_perc": 0, 
      "untrans_perc": 0, 
      "fuzzy": 0, 
      "trans": 1116
    }
  }, 
  {
    "pk": 234, 
    "model": "translations.pofile", 
    "fields": {
      "untrans": 0, 
      "total": 34, 
      "language": 63, 
      "created": "2008-11-21", 
      "trans_perc": 100, 
      "enabled": true, 
      "modified": "2008-11-21 19:06:32", 
      "object_id": 4, 
      "filename": "po/pl.po", 
      "content_type": 22, 
      "fuzzy_perc": 0, 
      "untrans_perc": 0, 
      "fuzzy": 0, 
      "trans": 34
    }
  }, 
  {
    "pk": 286, 
    "model": "translations.pofile", 
    "fields": {
      "untrans": 0, 
      "total": 75, 
      "language": 63, 
      "created": "2008-11-21", 
      "trans_perc": 100, 
      "enabled": true, 
      "modified": "2008-11-21 19:23:58", 
      "object_id": 5, 
      "filename": "po/pl.po", 
      "content_type": 22, 
      "fuzzy_perc": 0, 
      "untrans_perc": 0, 
      "fuzzy": 0, 
      "trans": 75
    }
  }, 
  {
    "pk": 348, 
    "model": "translations.pofile", 
    "fields": {
      "untrans": 0, 
      "total": 19, 
      "language": 63, 
      "created": "2008-11-21", 
      "trans_perc": 100, 
      "enabled": true, 
      "modified": "2008-11-21 19:24:07", 
      "object_id": 6, 
      "filename": "po/pl.po", 
      "content_type": 22, 
      "fuzzy_perc": 0, 
      "untrans_perc": 0, 
      "fuzzy": 0, 
      "trans": 19
    }
  }, 
  {
    "pk": 48, 
    "model": "translations.pofile", 
    "fields": {
      "untrans": 0, 
      "total": 243, 
      "language": 64, 
      "created": "2008-11-21", 
      "trans_perc": 100, 
      "enabled": true, 
      "modified": "2008-11-21 16:26:12", 
      "object_id": 3, 
      "filename": "po/pt.po", 
      "content_type": 22, 
      "fuzzy_perc": 0, 
      "untrans_perc": 0, 
      "fuzzy": 0, 
      "trans": 243
    }
  }, 
  {
    "pk": 170, 
    "model": "translations.pofile", 
    "fields": {
      "untrans": 728, 
      "total": 1487, 
      "language": 64, 
      "created": "2008-11-21", 
      "trans_perc": 26, 
      "enabled": true, 
      "modified": "2008-11-21 19:06:07", 
      "object_id": 1, 
      "filename": "po/pt.po", 
      "content_type": 22, 
      "fuzzy_perc": 24, 
      "untrans_perc": 48, 
      "fuzzy": 371, 
      "trans": 388
    }
  }, 
  {
    "pk": 235, 
    "model": "translations.pofile", 
    "fields": {
      "untrans": 0, 
      "total": 34, 
      "language": 64, 
      "created": "2008-11-21", 
      "trans_perc": 100, 
      "enabled": true, 
      "modified": "2008-11-21 19:06:32", 
      "object_id": 4, 
      "filename": "po/pt.po", 
      "content_type": 22, 
      "fuzzy_perc": 0, 
      "untrans_perc": 0, 
      "fuzzy": 0, 
      "trans": 34
    }
  }, 
  {
    "pk": 287, 
    "model": "translations.pofile", 
    "fields": {
      "untrans": 0, 
      "total": 75, 
      "language": 64, 
      "created": "2008-11-21", 
      "trans_perc": 100, 
      "enabled": true, 
      "modified": "2008-11-21 19:23:58", 
      "object_id": 5, 
      "filename": "po/pt.po", 
      "content_type": 22, 
      "fuzzy_perc": 0, 
      "untrans_perc": 0, 
      "fuzzy": 0, 
      "trans": 75
    }
  }, 
  {
    "pk": 349, 
    "model": "translations.pofile", 
    "fields": {
      "untrans": 0, 
      "total": 20, 
      "language": 64, 
      "created": "2008-11-21", 
      "trans_perc": 100, 
      "enabled": true, 
      "modified": "2008-11-21 19:24:07", 
      "object_id": 6, 
      "filename": "po/pt.po", 
      "content_type": 22, 
      "fuzzy_perc": 0, 
      "untrans_perc": 0, 
      "fuzzy": 0, 
      "trans": 20
    }
  }, 
  {
    "pk": 49, 
    "model": "translations.pofile", 
    "fields": {
      "untrans": 0, 
      "total": 243, 
      "language": 16, 
      "created": "2008-11-21", 
      "trans_perc": 100, 
      "enabled": true, 
      "modified": "2008-11-21 16:26:12", 
      "object_id": 3, 
      "filename": "po/pt_BR.po", 
      "content_type": 22, 
      "fuzzy_perc": 0, 
      "untrans_perc": 0, 
      "fuzzy": 0, 
      "trans": 243
    }
  }, 
  {
    "pk": 171, 
    "model": "translations.pofile", 
    "fields": {
      "untrans": 0, 
      "total": 1056, 
      "language": 16, 
      "created": "2008-11-21", 
      "trans_perc": 100, 
      "enabled": true, 
      "modified": "2008-11-21 19:06:08", 
      "object_id": 1, 
      "filename": "po/pt_BR.po", 
      "content_type": 22, 
      "fuzzy_perc": 0, 
      "untrans_perc": 0, 
      "fuzzy": 0, 
      "trans": 1056
    }
  }, 
  {
    "pk": 236, 
    "model": "translations.pofile", 
    "fields": {
      "untrans": 0, 
      "total": 34, 
      "language": 16, 
      "created": "2008-11-21", 
      "trans_perc": 100, 
      "enabled": true, 
      "modified": "2008-11-21 19:06:32", 
      "object_id": 4, 
      "filename": "po/pt_BR.po", 
      "content_type": 22, 
      "fuzzy_perc": 0, 
      "untrans_perc": 0, 
      "fuzzy": 0, 
      "trans": 34
    }
  }, 
  {
    "pk": 288, 
    "model": "translations.pofile", 
    "fields": {
      "untrans": 0, 
      "total": 75, 
      "language": 16, 
      "created": "2008-11-21", 
      "trans_perc": 100, 
      "enabled": true, 
      "modified": "2008-11-21 19:23:58", 
      "object_id": 5, 
      "filename": "po/pt_BR.po", 
      "content_type": 22, 
      "fuzzy_perc": 0, 
      "untrans_perc": 0, 
      "fuzzy": 0, 
      "trans": 75
    }
  }, 
  {
    "pk": 350, 
    "model": "translations.pofile", 
    "fields": {
      "untrans": 0, 
      "total": 20, 
      "language": 16, 
      "created": "2008-11-21", 
      "trans_perc": 100, 
      "enabled": true, 
      "modified": "2008-11-21 19:24:07", 
      "object_id": 6, 
      "filename": "po/pt_BR.po", 
      "content_type": 22, 
      "fuzzy_perc": 0, 
      "untrans_perc": 0, 
      "fuzzy": 0, 
      "trans": 20
    }
  }, 
  {
    "pk": 50, 
    "model": "translations.pofile", 
    "fields": {
      "untrans": 30, 
      "total": 260, 
      "language": 66, 
      "created": "2008-11-21", 
      "trans_perc": 81, 
      "enabled": true, 
      "modified": "2008-11-21 16:26:12", 
      "object_id": 3, 
      "filename": "po/ro.po", 
      "content_type": 22, 
      "fuzzy_perc": 6, 
      "untrans_perc": 11, 
      "fuzzy": 17, 
      "trans": 213
    }
  }, 
  {
    "pk": 237, 
    "model": "translations.pofile", 
    "fields": {
      "untrans": 31, 
      "total": 48, 
      "language": 66, 
      "created": "2008-11-21", 
      "trans_perc": 6, 
      "enabled": true, 
      "modified": "2008-11-21 19:06:32", 
      "object_id": 4, 
      "filename": "po/ro.po", 
      "content_type": 22, 
      "fuzzy_perc": 29, 
      "untrans_perc": 64, 
      "fuzzy": 14, 
      "trans": 3
    }
  }, 
  {
    "pk": 289, 
    "model": "translations.pofile", 
    "fields": {
      "untrans": 0, 
      "total": 75, 
      "language": 66, 
      "created": "2008-11-21", 
      "trans_perc": 100, 
      "enabled": true, 
      "modified": "2008-11-21 19:23:58", 
      "object_id": 5, 
      "filename": "po/ro.po", 
      "content_type": 22, 
      "fuzzy_perc": 0, 
      "untrans_perc": 0, 
      "fuzzy": 0, 
      "trans": 75
    }
  }, 
  {
    "pk": 351, 
    "model": "translations.pofile", 
    "fields": {
      "untrans": 0, 
      "total": 19, 
      "language": 66, 
      "created": "2008-11-21", 
      "trans_perc": 100, 
      "enabled": true, 
      "modified": "2008-11-21 19:24:08", 
      "object_id": 6, 
      "filename": "po/ro.po", 
      "content_type": 22, 
      "fuzzy_perc": 0, 
      "untrans_perc": 0, 
      "fuzzy": 0, 
      "trans": 19
    }
  }, 
  {
    "pk": 51, 
    "model": "translations.pofile", 
    "fields": {
      "untrans": 0, 
      "total": 243, 
      "language": 67, 
      "created": "2008-11-21", 
      "trans_perc": 100, 
      "enabled": true, 
      "modified": "2008-11-21 16:26:12", 
      "object_id": 3, 
      "filename": "po/ru.po", 
      "content_type": 22, 
      "fuzzy_perc": 0, 
      "untrans_perc": 0, 
      "fuzzy": 0, 
      "trans": 243
    }
  }, 
  {
    "pk": 172, 
    "model": "translations.pofile", 
    "fields": {
      "untrans": 1007, 
      "total": 1449, 
      "language": 67, 
      "created": "2008-11-21", 
      "trans_perc": 7, 
      "enabled": true, 
      "modified": "2008-11-21 19:06:08", 
      "object_id": 1, 
      "filename": "po/ru.po", 
      "content_type": 22, 
      "fuzzy_perc": 22, 
      "untrans_perc": 69, 
      "fuzzy": 333, 
      "trans": 109
    }
  }, 
  {
    "pk": 238, 
    "model": "translations.pofile", 
    "fields": {
      "untrans": 0, 
      "total": 34, 
      "language": 67, 
      "created": "2008-11-21", 
      "trans_perc": 100, 
      "enabled": true, 
      "modified": "2008-11-21 19:06:32", 
      "object_id": 4, 
      "filename": "po/ru.po", 
      "content_type": 22, 
      "fuzzy_perc": 0, 
      "untrans_perc": 0, 
      "fuzzy": 0, 
      "trans": 34
    }
  }, 
  {
    "pk": 290, 
    "model": "translations.pofile", 
    "fields": {
      "untrans": 9, 
      "total": 84, 
      "language": 67, 
      "created": "2008-11-21", 
      "trans_perc": 78, 
      "enabled": true, 
      "modified": "2008-11-21 19:23:58", 
      "object_id": 5, 
      "filename": "po/ru.po", 
      "content_type": 22, 
      "fuzzy_perc": 10, 
      "untrans_perc": 10, 
      "fuzzy": 9, 
      "trans": 66
    }
  }, 
  {
    "pk": 352, 
    "model": "translations.pofile", 
    "fields": {
      "untrans": 0, 
      "total": 20, 
      "language": 67, 
      "created": "2008-11-21", 
      "trans_perc": 100, 
      "enabled": true, 
      "modified": "2008-11-21 19:24:08", 
      "object_id": 6, 
      "filename": "po/ru.po", 
      "content_type": 22, 
      "fuzzy_perc": 0, 
      "untrans_perc": 0, 
      "fuzzy": 0, 
      "trans": 20
    }
  }, 
  {
    "pk": 291, 
    "model": "translations.pofile", 
    "fields": {
      "untrans": 14, 
      "total": 65, 
      "language": null, 
      "created": "2008-11-21", 
      "trans_perc": 56, 
      "enabled": true, 
      "modified": "2008-11-21 19:23:58", 
      "object_id": 5, 
      "filename": "po/ru_RU.po", 
      "content_type": 22, 
      "fuzzy_perc": 21, 
      "untrans_perc": 21, 
      "fuzzy": 14, 
      "trans": 37
    }
  }, 
  {
    "pk": 52, 
    "model": "translations.pofile", 
    "fields": {
      "untrans": 122, 
      "total": 253, 
      "language": 69, 
      "created": "2008-11-21", 
      "trans_perc": 47, 
      "enabled": true, 
      "modified": "2008-11-21 16:26:12", 
      "object_id": 3, 
      "filename": "po/si.po", 
      "content_type": 22, 
      "fuzzy_perc": 3, 
      "untrans_perc": 48, 
      "fuzzy": 10, 
      "trans": 121
    }
  }, 
  {
    "pk": 239, 
    "model": "translations.pofile", 
    "fields": {
      "untrans": 31, 
      "total": 48, 
      "language": 69, 
      "created": "2008-11-21", 
      "trans_perc": 6, 
      "enabled": true, 
      "modified": "2008-11-21 19:06:32", 
      "object_id": 4, 
      "filename": "po/si.po", 
      "content_type": 22, 
      "fuzzy_perc": 29, 
      "untrans_perc": 64, 
      "fuzzy": 14, 
      "trans": 3
    }
  }, 
  {
    "pk": 353, 
    "model": "translations.pofile", 
    "fields": {
      "untrans": 19, 
      "total": 19, 
      "language": 69, 
      "created": "2008-11-21", 
      "trans_perc": 0, 
      "enabled": true, 
      "modified": "2008-11-21 19:24:08", 
      "object_id": 6, 
      "filename": "po/si.po", 
      "content_type": 22, 
      "fuzzy_perc": 0, 
      "untrans_perc": 100, 
      "fuzzy": 0, 
      "trans": 0
    }
  }, 
  {
    "pk": 53, 
    "model": "translations.pofile", 
    "fields": {
      "untrans": 0, 
      "total": 268, 
      "language": 70, 
      "created": "2008-11-21", 
      "trans_perc": 90, 
      "enabled": true, 
      "modified": "2008-11-21 16:26:12", 
      "object_id": 3, 
      "filename": "po/sk.po", 
      "content_type": 22, 
      "fuzzy_perc": 9, 
      "untrans_perc": 0, 
      "fuzzy": 25, 
      "trans": 243
    }
  }, 
  {
    "pk": 173, 
    "model": "translations.pofile", 
    "fields": {
      "untrans": 986, 
      "total": 1557, 
      "language": 70, 
      "created": "2008-11-21", 
      "trans_perc": 8, 
      "enabled": true, 
      "modified": "2008-11-21 19:06:08", 
      "object_id": 1, 
      "filename": "po/sk.po", 
      "content_type": 22, 
      "fuzzy_perc": 28, 
      "untrans_perc": 63, 
      "fuzzy": 441, 
      "trans": 130
    }
  }, 
  {
    "pk": 240, 
    "model": "translations.pofile", 
    "fields": {
      "untrans": 0, 
      "total": 38, 
      "language": 70, 
      "created": "2008-11-21", 
      "trans_perc": 89, 
      "enabled": true, 
      "modified": "2008-11-21 19:06:32", 
      "object_id": 4, 
      "filename": "po/sk.po", 
      "content_type": 22, 
      "fuzzy_perc": 10, 
      "untrans_perc": 0, 
      "fuzzy": 4, 
      "trans": 34
    }
  }, 
  {
    "pk": 292, 
    "model": "translations.pofile", 
    "fields": {
      "untrans": 49, 
      "total": 78, 
      "language": 70, 
      "created": "2008-11-21", 
      "trans_perc": 33, 
      "enabled": true, 
      "modified": "2008-11-21 19:23:59", 
      "object_id": 5, 
      "filename": "po/sk.po", 
      "content_type": 22, 
      "fuzzy_perc": 3, 
      "untrans_perc": 62, 
      "fuzzy": 3, 
      "trans": 26
    }
  }, 
  {
    "pk": 354, 
    "model": "translations.pofile", 
    "fields": {
      "untrans": 0, 
      "total": 20, 
      "language": 70, 
      "created": "2008-11-21", 
      "trans_perc": 100, 
      "enabled": true, 
      "modified": "2008-11-21 19:24:08", 
      "object_id": 6, 
      "filename": "po/sk.po", 
      "content_type": 22, 
      "fuzzy_perc": 0, 
      "untrans_perc": 0, 
      "fuzzy": 0, 
      "trans": 20
    }
  }, 
  {
    "pk": 54, 
    "model": "translations.pofile", 
    "fields": {
      "untrans": 30, 
      "total": 260, 
      "language": 71, 
      "created": "2008-11-21", 
      "trans_perc": 81, 
      "enabled": true, 
      "modified": "2008-11-21 16:26:12", 
      "object_id": 3, 
      "filename": "po/sl.po", 
      "content_type": 22, 
      "fuzzy_perc": 6, 
      "untrans_perc": 11, 
      "fuzzy": 17, 
      "trans": 213
    }
  }, 
  {
    "pk": 241, 
    "model": "translations.pofile", 
    "fields": {
      "untrans": 31, 
      "total": 48, 
      "language": 71, 
      "created": "2008-11-21", 
      "trans_perc": 6, 
      "enabled": true, 
      "modified": "2008-11-21 19:06:32", 
      "object_id": 4, 
      "filename": "po/sl.po", 
      "content_type": 22, 
      "fuzzy_perc": 29, 
      "untrans_perc": 64, 
      "fuzzy": 14, 
      "trans": 3
    }
  }, 
  {
    "pk": 355, 
    "model": "translations.pofile", 
    "fields": {
      "untrans": 0, 
      "total": 19, 
      "language": 71, 
      "created": "2008-11-21", 
      "trans_perc": 100, 
      "enabled": true, 
      "modified": "2008-11-21 19:24:08", 
      "object_id": 6, 
      "filename": "po/sl.po", 
      "content_type": 22, 
      "fuzzy_perc": 0, 
      "untrans_perc": 0, 
      "fuzzy": 0, 
      "trans": 19
    }
  }, 
  {
    "pk": 55, 
    "model": "translations.pofile", 
    "fields": {
      "untrans": 243, 
      "total": 243, 
      "language": 2, 
      "created": "2008-11-21", 
      "trans_perc": 0, 
      "enabled": true, 
      "modified": "2008-11-21 16:26:12", 
      "object_id": 3, 
      "filename": "po/sq.po", 
      "content_type": 22, 
      "fuzzy_perc": 0, 
      "untrans_perc": 100, 
      "fuzzy": 0, 
      "trans": 0
    }
  }, 
  {
    "pk": 242, 
    "model": "translations.pofile", 
    "fields": {
      "untrans": 34, 
      "total": 34, 
      "language": 2, 
      "created": "2008-11-21", 
      "trans_perc": 0, 
      "enabled": true, 
      "modified": "2008-11-21 19:06:32", 
      "object_id": 4, 
      "filename": "po/sq.po", 
      "content_type": 22, 
      "fuzzy_perc": 0, 
      "untrans_perc": 100, 
      "fuzzy": 0, 
      "trans": 0
    }
  }, 
  {
    "pk": 356, 
    "model": "translations.pofile", 
    "fields": {
      "untrans": 19, 
      "total": 19, 
      "language": 2, 
      "created": "2008-11-21", 
      "trans_perc": 0, 
      "enabled": true, 
      "modified": "2008-11-21 19:24:08", 
      "object_id": 6, 
      "filename": "po/sq.po", 
      "content_type": 22, 
      "fuzzy_perc": 0, 
      "untrans_perc": 100, 
      "fuzzy": 0, 
      "trans": 0
    }
  }, 
  {
    "pk": 56, 
    "model": "translations.pofile", 
    "fields": {
      "untrans": 0, 
      "total": 243, 
      "language": 68, 
      "created": "2008-11-21", 
      "trans_perc": 100, 
      "enabled": true, 
      "modified": "2008-11-21 16:26:12", 
      "object_id": 3, 
      "filename": "po/sr.po", 
      "content_type": 22, 
      "fuzzy_perc": 0, 
      "untrans_perc": 0, 
      "fuzzy": 0, 
      "trans": 243
    }
  }, 
  {
    "pk": 174, 
    "model": "translations.pofile", 
    "fields": {
      "untrans": 425, 
      "total": 1249, 
      "language": 68, 
      "created": "2008-11-21", 
      "trans_perc": 55, 
      "enabled": true, 
      "modified": "2008-11-21 19:06:08", 
      "object_id": 1, 
      "filename": "po/sr.po", 
      "content_type": 22, 
      "fuzzy_perc": 10, 
      "untrans_perc": 34, 
      "fuzzy": 133, 
      "trans": 691
    }
  }, 
  {
    "pk": 243, 
    "model": "translations.pofile", 
    "fields": {
      "untrans": 0, 
      "total": 34, 
      "language": 68, 
      "created": "2008-11-21", 
      "trans_perc": 100, 
      "enabled": true, 
      "modified": "2008-11-21 19:06:32", 
      "object_id": 4, 
      "filename": "po/sr.po", 
      "content_type": 22, 
      "fuzzy_perc": 0, 
      "untrans_perc": 0, 
      "fuzzy": 0, 
      "trans": 34
    }
  }, 
  {
    "pk": 293, 
    "model": "translations.pofile", 
    "fields": {
      "untrans": 12, 
      "total": 75, 
      "language": 68, 
      "created": "2008-11-21", 
      "trans_perc": 84, 
      "enabled": true, 
      "modified": "2008-11-21 19:23:59", 
      "object_id": 5, 
      "filename": "po/sr.po", 
      "content_type": 22, 
      "fuzzy_perc": 0, 
      "untrans_perc": 16, 
      "fuzzy": 0, 
      "trans": 63
    }
  }, 
  {
    "pk": 357, 
    "model": "translations.pofile", 
    "fields": {
      "untrans": 0, 
      "total": 20, 
      "language": 68, 
      "created": "2008-11-21", 
      "trans_perc": 100, 
      "enabled": true, 
      "modified": "2008-11-21 19:24:08", 
      "object_id": 6, 
      "filename": "po/sr.po", 
      "content_type": 22, 
      "fuzzy_perc": 0, 
      "untrans_perc": 0, 
      "fuzzy": 0, 
      "trans": 20
    }
  }, 
  {
    "pk": 57, 
    "model": "translations.pofile", 
    "fields": {
      "untrans": 0, 
      "total": 243, 
      "language": null, 
      "created": "2008-11-21", 
      "trans_perc": 100, 
      "enabled": true, 
      "modified": "2008-11-21 16:26:12", 
      "object_id": 3, 
      "filename": "po/sr@latin.po", 
      "content_type": 22, 
      "fuzzy_perc": 0, 
      "untrans_perc": 0, 
      "fuzzy": 0, 
      "trans": 243
    }
  }, 
  {
    "pk": 244, 
    "model": "translations.pofile", 
    "fields": {
      "untrans": 0, 
      "total": 34, 
      "language": null, 
      "created": "2008-11-21", 
      "trans_perc": 100, 
      "enabled": true, 
      "modified": "2008-11-21 19:06:32", 
      "object_id": 4, 
      "filename": "po/sr@latin.po", 
      "content_type": 22, 
      "fuzzy_perc": 0, 
      "untrans_perc": 0, 
      "fuzzy": 0, 
      "trans": 34
    }
  }, 
  {
    "pk": 358, 
    "model": "translations.pofile", 
    "fields": {
      "untrans": 0, 
      "total": 20, 
      "language": null, 
      "created": "2008-11-21", 
      "trans_perc": 100, 
      "enabled": true, 
      "modified": "2008-11-21 19:24:08", 
      "object_id": 6, 
      "filename": "po/sr@latin.po", 
      "content_type": 22, 
      "fuzzy_perc": 0, 
      "untrans_perc": 0, 
      "fuzzy": 0, 
      "trans": 20
    }
  }, 
  {
    "pk": 175, 
    "model": "translations.pofile", 
    "fields": {
      "untrans": 425, 
      "total": 1249, 
      "language": null, 
      "created": "2008-11-21", 
      "trans_perc": 55, 
      "enabled": true, 
      "modified": "2008-11-21 19:06:08", 
      "object_id": 1, 
      "filename": "po/sr_Latn.po", 
      "content_type": 22, 
      "fuzzy_perc": 10, 
      "untrans_perc": 34, 
      "fuzzy": 133, 
      "trans": 691
    }
  }, 
  {
    "pk": 58, 
    "model": "translations.pofile", 
    "fields": {
      "untrans": 0, 
      "total": 243, 
      "language": 73, 
      "created": "2008-11-21", 
      "trans_perc": 100, 
      "enabled": true, 
      "modified": "2008-11-21 16:26:12", 
      "object_id": 3, 
      "filename": "po/sv.po", 
      "content_type": 22, 
      "fuzzy_perc": 0, 
      "untrans_perc": 0, 
      "fuzzy": 0, 
      "trans": 243
    }
  }, 
  {
    "pk": 176, 
    "model": "translations.pofile", 
    "fields": {
      "untrans": 349, 
      "total": 1192, 
      "language": 73, 
      "created": "2008-11-21", 
      "trans_perc": 64, 
      "enabled": true, 
      "modified": "2008-11-21 19:06:09", 
      "object_id": 1, 
      "filename": "po/sv.po", 
      "content_type": 22, 
      "fuzzy_perc": 6, 
      "untrans_perc": 29, 
      "fuzzy": 76, 
      "trans": 767
    }
  }, 
  {
    "pk": 245, 
    "model": "translations.pofile", 
    "fields": {
      "untrans": 0, 
      "total": 34, 
      "language": 73, 
      "created": "2008-11-21", 
      "trans_perc": 100, 
      "enabled": true, 
      "modified": "2008-11-21 19:06:32", 
      "object_id": 4, 
      "filename": "po/sv.po", 
      "content_type": 22, 
      "fuzzy_perc": 0, 
      "untrans_perc": 0, 
      "fuzzy": 0, 
      "trans": 34
    }
  }, 
  {
    "pk": 294, 
    "model": "translations.pofile", 
    "fields": {
      "untrans": 0, 
      "total": 75, 
      "language": 73, 
      "created": "2008-11-21", 
      "trans_perc": 100, 
      "enabled": true, 
      "modified": "2008-11-21 19:23:59", 
      "object_id": 5, 
      "filename": "po/sv.po", 
      "content_type": 22, 
      "fuzzy_perc": 0, 
      "untrans_perc": 0, 
      "fuzzy": 0, 
      "trans": 75
    }
  }, 
  {
    "pk": 359, 
    "model": "translations.pofile", 
    "fields": {
      "untrans": 0, 
      "total": 20, 
      "language": 73, 
      "created": "2008-11-21", 
      "trans_perc": 100, 
      "enabled": true, 
      "modified": "2008-11-21 19:24:08", 
      "object_id": 6, 
      "filename": "po/sv.po", 
      "content_type": 22, 
      "fuzzy_perc": 0, 
      "untrans_perc": 0, 
      "fuzzy": 0, 
      "trans": 20
    }
  }, 
  {
    "pk": 59, 
    "model": "translations.pofile", 
    "fields": {
      "untrans": 0, 
      "total": 243, 
      "language": 76, 
      "created": "2008-11-21", 
      "trans_perc": 100, 
      "enabled": true, 
      "modified": "2008-11-21 16:26:12", 
      "object_id": 3, 
      "filename": "po/ta.po", 
      "content_type": 22, 
      "fuzzy_perc": 0, 
      "untrans_perc": 0, 
      "fuzzy": 0, 
      "trans": 243
    }
  }, 
  {
    "pk": 177, 
    "model": "translations.pofile", 
    "fields": {
      "untrans": 551, 
      "total": 1129, 
      "language": 76, 
      "created": "2008-11-21", 
      "trans_perc": 50, 
      "enabled": true, 
      "modified": "2008-11-21 19:06:09", 
      "object_id": 1, 
      "filename": "po/ta.po", 
      "content_type": 22, 
      "fuzzy_perc": 1, 
      "untrans_perc": 48, 
      "fuzzy": 13, 
      "trans": 565
    }
  }, 
  {
    "pk": 246, 
    "model": "translations.pofile", 
    "fields": {
      "untrans": 0, 
      "total": 34, 
      "language": 76, 
      "created": "2008-11-21", 
      "trans_perc": 100, 
      "enabled": true, 
      "modified": "2008-11-21 19:06:32", 
      "object_id": 4, 
      "filename": "po/ta.po", 
      "content_type": 22, 
      "fuzzy_perc": 0, 
      "untrans_perc": 0, 
      "fuzzy": 0, 
      "trans": 34
    }
  }, 
  {
    "pk": 360, 
    "model": "translations.pofile", 
    "fields": {
      "untrans": 0, 
      "total": 20, 
      "language": 76, 
      "created": "2008-11-21", 
      "trans_perc": 100, 
      "enabled": true, 
      "modified": "2008-11-21 19:24:08", 
      "object_id": 6, 
      "filename": "po/ta.po", 
      "content_type": 22, 
      "fuzzy_perc": 0, 
      "untrans_perc": 0, 
      "fuzzy": 0, 
      "trans": 20
    }
  }, 
  {
    "pk": 60, 
    "model": "translations.pofile", 
    "fields": {
      "untrans": 0, 
      "total": 243, 
      "language": 77, 
      "created": "2008-11-21", 
      "trans_perc": 100, 
      "enabled": true, 
      "modified": "2008-11-21 16:26:12", 
      "object_id": 3, 
      "filename": "po/te.po", 
      "content_type": 22, 
      "fuzzy_perc": 0, 
      "untrans_perc": 0, 
      "fuzzy": 0, 
      "trans": 243
    }
  }, 
  {
    "pk": 178, 
    "model": "translations.pofile", 
    "fields": {
      "untrans": 414, 
      "total": 1135, 
      "language": 77, 
      "created": "2008-11-21", 
      "trans_perc": 61, 
      "enabled": true, 
      "modified": "2008-11-21 19:06:09", 
      "object_id": 1, 
      "filename": "po/te.po", 
      "content_type": 22, 
      "fuzzy_perc": 1, 
      "untrans_perc": 36, 
      "fuzzy": 19, 
      "trans": 702
    }
  }, 
  {
    "pk": 247, 
    "model": "translations.pofile", 
    "fields": {
      "untrans": 0, 
      "total": 34, 
      "language": 77, 
      "created": "2008-11-21", 
      "trans_perc": 100, 
      "enabled": true, 
      "modified": "2008-11-21 19:06:32", 
      "object_id": 4, 
      "filename": "po/te.po", 
      "content_type": 22, 
      "fuzzy_perc": 0, 
      "untrans_perc": 0, 
      "fuzzy": 0, 
      "trans": 34
    }
  }, 
  {
    "pk": 361, 
    "model": "translations.pofile", 
    "fields": {
      "untrans": 0, 
      "total": 20, 
      "language": 77, 
      "created": "2008-11-21", 
      "trans_perc": 100, 
      "enabled": true, 
      "modified": "2008-11-21 19:24:08", 
      "object_id": 6, 
      "filename": "po/te.po", 
      "content_type": 22, 
      "fuzzy_perc": 0, 
      "untrans_perc": 0, 
      "fuzzy": 0, 
      "trans": 20
    }
  }, 
  {
    "pk": 248, 
    "model": "translations.pofile", 
    "fields": {
      "untrans": 34, 
      "total": 34, 
      "language": 78, 
      "created": "2008-11-21", 
      "trans_perc": 0, 
      "enabled": true, 
      "modified": "2008-11-21 19:06:32", 
      "object_id": 4, 
      "filename": "po/th.po", 
      "content_type": 22, 
      "fuzzy_perc": 0, 
      "untrans_perc": 100, 
      "fuzzy": 0, 
      "trans": 0
    }
  }, 
  {
    "pk": 61, 
    "model": "translations.pofile", 
    "fields": {
      "untrans": 34, 
      "total": 258, 
      "language": 79, 
      "created": "2008-11-21", 
      "trans_perc": 81, 
      "enabled": true, 
      "modified": "2008-11-21 16:26:12", 
      "object_id": 3, 
      "filename": "po/tr.po", 
      "content_type": 22, 
      "fuzzy_perc": 5, 
      "untrans_perc": 13, 
      "fuzzy": 15, 
      "trans": 209
    }
  }, 
  {
    "pk": 249, 
    "model": "translations.pofile", 
    "fields": {
      "untrans": 31, 
      "total": 48, 
      "language": 79, 
      "created": "2008-11-21", 
      "trans_perc": 6, 
      "enabled": true, 
      "modified": "2008-11-21 19:06:32", 
      "object_id": 4, 
      "filename": "po/tr.po", 
      "content_type": 22, 
      "fuzzy_perc": 29, 
      "untrans_perc": 64, 
      "fuzzy": 14, 
      "trans": 3
    }
  }, 
  {
    "pk": 295, 
    "model": "translations.pofile", 
    "fields": {
      "untrans": 1, 
      "total": 75, 
      "language": 79, 
      "created": "2008-11-21", 
      "trans_perc": 98, 
      "enabled": true, 
      "modified": "2008-11-21 19:23:59", 
      "object_id": 5, 
      "filename": "po/tr.po", 
      "content_type": 22, 
      "fuzzy_perc": 0, 
      "untrans_perc": 1, 
      "fuzzy": 0, 
      "trans": 74
    }
  }, 
  {
    "pk": 362, 
    "model": "translations.pofile", 
    "fields": {
      "untrans": 0, 
      "total": 19, 
      "language": 79, 
      "created": "2008-11-21", 
      "trans_perc": 100, 
      "enabled": true, 
      "modified": "2008-11-21 19:24:08", 
      "object_id": 6, 
      "filename": "po/tr.po", 
      "content_type": 22, 
      "fuzzy_perc": 0, 
      "untrans_perc": 0, 
      "fuzzy": 0, 
      "trans": 19
    }
  }, 
  {
    "pk": 62, 
    "model": "translations.pofile", 
    "fields": {
      "untrans": 34, 
      "total": 258, 
      "language": 80, 
      "created": "2008-11-21", 
      "trans_perc": 81, 
      "enabled": true, 
      "modified": "2008-11-21 16:26:12", 
      "object_id": 3, 
      "filename": "po/uk.po", 
      "content_type": 22, 
      "fuzzy_perc": 5, 
      "untrans_perc": 13, 
      "fuzzy": 15, 
      "trans": 209
    }
  }, 
  {
    "pk": 179, 
    "model": "translations.pofile", 
    "fields": {
      "untrans": 1014, 
      "total": 1597, 
      "language": 80, 
      "created": "2008-11-21", 
      "trans_perc": 6, 
      "enabled": true, 
      "modified": "2008-11-21 19:06:09", 
      "object_id": 1, 
      "filename": "po/uk.po", 
      "content_type": 22, 
      "fuzzy_perc": 30, 
      "untrans_perc": 63, 
      "fuzzy": 481, 
      "trans": 102
    }
  }, 
  {
    "pk": 250, 
    "model": "translations.pofile", 
    "fields": {
      "untrans": 26, 
      "total": 45, 
      "language": 80, 
      "created": "2008-11-21", 
      "trans_perc": 17, 
      "enabled": true, 
      "modified": "2008-11-21 19:06:32", 
      "object_id": 4, 
      "filename": "po/uk.po", 
      "content_type": 22, 
      "fuzzy_perc": 24, 
      "untrans_perc": 57, 
      "fuzzy": 11, 
      "trans": 8
    }
  }, 
  {
    "pk": 363, 
    "model": "translations.pofile", 
    "fields": {
      "untrans": 0, 
      "total": 19, 
      "language": 80, 
      "created": "2008-11-21", 
      "trans_perc": 100, 
      "enabled": true, 
      "modified": "2008-11-21 19:24:08", 
      "object_id": 6, 
      "filename": "po/uk.po", 
      "content_type": 22, 
      "fuzzy_perc": 0, 
      "untrans_perc": 0, 
      "fuzzy": 0, 
      "trans": 19
    }
  }, 
  {
    "pk": 63, 
    "model": "translations.pofile", 
    "fields": {
      "untrans": 54, 
      "total": 263, 
      "language": 81, 
      "created": "2008-11-21", 
      "trans_perc": 71, 
      "enabled": true, 
      "modified": "2008-11-21 16:26:13", 
      "object_id": 3, 
      "filename": "po/ur.po", 
      "content_type": 22, 
      "fuzzy_perc": 7, 
      "untrans_perc": 20, 
      "fuzzy": 20, 
      "trans": 189
    }
  }, 
  {
    "pk": 251, 
    "model": "translations.pofile", 
    "fields": {
      "untrans": 34, 
      "total": 34, 
      "language": 81, 
      "created": "2008-11-21", 
      "trans_perc": 0, 
      "enabled": true, 
      "modified": "2008-11-21 19:06:32", 
      "object_id": 4, 
      "filename": "po/ur.po", 
      "content_type": 22, 
      "fuzzy_perc": 0, 
      "untrans_perc": 100, 
      "fuzzy": 0, 
      "trans": 0
    }
  }, 
  {
    "pk": 364, 
    "model": "translations.pofile", 
    "fields": {
      "untrans": 19, 
      "total": 19, 
      "language": 81, 
      "created": "2008-11-21", 
      "trans_perc": 0, 
      "enabled": true, 
      "modified": "2008-11-21 19:24:08", 
      "object_id": 6, 
      "filename": "po/ur.po", 
      "content_type": 22, 
      "fuzzy_perc": 0, 
      "untrans_perc": 100, 
      "fuzzy": 0, 
      "trans": 0
    }
  }, 
  {
    "pk": 64, 
    "model": "translations.pofile", 
    "fields": {
      "untrans": 156, 
      "total": 308, 
      "language": 82, 
      "created": "2008-11-21", 
      "trans_perc": 28, 
      "enabled": true, 
      "modified": "2008-11-21 16:26:13", 
      "object_id": 3, 
      "filename": "po/vi.po", 
      "content_type": 22, 
      "fuzzy_perc": 21, 
      "untrans_perc": 50, 
      "fuzzy": 65, 
      "trans": 87
    }
  }, 
  {
    "pk": 252, 
    "model": "translations.pofile", 
    "fields": {
      "untrans": 34, 
      "total": 34, 
      "language": 82, 
      "created": "2008-11-21", 
      "trans_perc": 0, 
      "enabled": true, 
      "modified": "2008-11-21 19:06:32", 
      "object_id": 4, 
      "filename": "po/vi.po", 
      "content_type": 22, 
      "fuzzy_perc": 0, 
      "untrans_perc": 100, 
      "fuzzy": 0, 
      "trans": 0
    }
  }, 
  {
    "pk": 365, 
    "model": "translations.pofile", 
    "fields": {
      "untrans": 15, 
      "total": 22, 
      "language": 82, 
      "created": "2008-11-21", 
      "trans_perc": 18, 
      "enabled": true, 
      "modified": "2008-11-21 19:24:08", 
      "object_id": 6, 
      "filename": "po/vi.po", 
      "content_type": 22, 
      "fuzzy_perc": 13, 
      "untrans_perc": 68, 
      "fuzzy": 3, 
      "trans": 4
    }
  }, 
  {
    "pk": 65, 
    "model": "translations.pofile", 
    "fields": {
      "untrans": 243, 
      "total": 243, 
      "language": null, 
      "created": "2008-11-21", 
      "trans_perc": 0, 
      "enabled": true, 
      "modified": "2008-11-21 16:26:13", 
      "object_id": 3, 
      "filename": "po/wa.po", 
      "content_type": 22, 
      "fuzzy_perc": 0, 
      "untrans_perc": 100, 
      "fuzzy": 0, 
      "trans": 0
    }
  }, 
  {
    "pk": 366, 
    "model": "translations.pofile", 
    "fields": {
      "untrans": 19, 
      "total": 19, 
      "language": null, 
      "created": "2008-11-21", 
      "trans_perc": 0, 
      "enabled": true, 
      "modified": "2008-11-21 19:24:08", 
      "object_id": 6, 
      "filename": "po/wa.po", 
      "content_type": 22, 
      "fuzzy_perc": 0, 
      "untrans_perc": 100, 
      "fuzzy": 0, 
      "trans": 0
    }
  }, 
  {
    "pk": 66, 
    "model": "translations.pofile", 
    "fields": {
      "untrans": 0, 
      "total": 243, 
      "language": 21, 
      "created": "2008-11-21", 
      "trans_perc": 100, 
      "enabled": true, 
      "modified": "2008-11-21 16:26:13", 
      "object_id": 3, 
      "filename": "po/zh_CN.po", 
      "content_type": 22, 
      "fuzzy_perc": 0, 
      "untrans_perc": 0, 
      "fuzzy": 0, 
      "trans": 243
    }
  }, 
  {
    "pk": 180, 
    "model": "translations.pofile", 
    "fields": {
      "untrans": 0, 
      "total": 1116, 
      "language": 21, 
      "created": "2008-11-21", 
      "trans_perc": 100, 
      "enabled": true, 
      "modified": "2008-11-21 19:06:09", 
      "object_id": 1, 
      "filename": "po/zh_CN.po", 
      "content_type": 22, 
      "fuzzy_perc": 0, 
      "untrans_perc": 0, 
      "fuzzy": 0, 
      "trans": 1116
    }
  }, 
  {
    "pk": 253, 
    "model": "translations.pofile", 
    "fields": {
      "untrans": 0, 
      "total": 34, 
      "language": 21, 
      "created": "2008-11-21", 
      "trans_perc": 100, 
      "enabled": true, 
      "modified": "2008-11-21 19:06:32", 
      "object_id": 4, 
      "filename": "po/zh_CN.po", 
      "content_type": 22, 
      "fuzzy_perc": 0, 
      "untrans_perc": 0, 
      "fuzzy": 0, 
      "trans": 34
    }
  }, 
  {
    "pk": 296, 
    "model": "translations.pofile", 
    "fields": {
      "untrans": 2, 
      "total": 77, 
      "language": 21, 
      "created": "2008-11-21", 
      "trans_perc": 94, 
      "enabled": true, 
      "modified": "2008-11-21 19:23:59", 
      "object_id": 5, 
      "filename": "po/zh_CN.po", 
      "content_type": 22, 
      "fuzzy_perc": 2, 
      "untrans_perc": 2, 
      "fuzzy": 2, 
      "trans": 73
    }
  }, 
  {
    "pk": 367, 
    "model": "translations.pofile", 
    "fields": {
      "untrans": 0, 
      "total": 20, 
      "language": 21, 
      "created": "2008-11-21", 
      "trans_perc": 100, 
      "enabled": true, 
      "modified": "2008-11-21 19:24:08", 
      "object_id": 6, 
      "filename": "po/zh_CN.po", 
      "content_type": 22, 
      "fuzzy_perc": 0, 
      "untrans_perc": 0, 
      "fuzzy": 0, 
      "trans": 20
    }
  }, 
  {
    "pk": 297, 
    "model": "translations.pofile", 
    "fields": {
      "untrans": 0, 
      "total": 75, 
      "language": null, 
      "created": "2008-11-21", 
      "trans_perc": 100, 
      "enabled": true, 
      "modified": "2008-11-21 19:23:59", 
      "object_id": 5, 
      "filename": "po/zh_HK.po", 
      "content_type": 22, 
      "fuzzy_perc": 0, 
      "untrans_perc": 0, 
      "fuzzy": 0, 
      "trans": 75
    }
  }, 
  {
    "pk": 67, 
    "model": "translations.pofile", 
    "fields": {
      "untrans": 0, 
      "total": 243, 
      "language": 22, 
      "created": "2008-11-21", 
      "trans_perc": 100, 
      "enabled": true, 
      "modified": "2008-11-21 16:26:13", 
      "object_id": 3, 
      "filename": "po/zh_TW.po", 
      "content_type": 22, 
      "fuzzy_perc": 0, 
      "untrans_perc": 0, 
      "fuzzy": 0, 
      "trans": 243
    }
  }, 
  {
    "pk": 181, 
    "model": "translations.pofile", 
    "fields": {
      "untrans": 67, 
      "total": 1130, 
      "language": 22, 
      "created": "2008-11-21", 
      "trans_perc": 92, 
      "enabled": true, 
      "modified": "2008-11-21 19:06:10", 
      "object_id": 1, 
      "filename": "po/zh_TW.po", 
      "content_type": 22, 
      "fuzzy_perc": 1, 
      "untrans_perc": 5, 
      "fuzzy": 14, 
      "trans": 1049
    }
  }, 
  {
    "pk": 254, 
    "model": "translations.pofile", 
    "fields": {
      "untrans": 0, 
      "total": 34, 
      "language": 22, 
      "created": "2008-11-21", 
      "trans_perc": 100, 
      "enabled": true, 
      "modified": "2008-11-21 19:06:32", 
      "object_id": 4, 
      "filename": "po/zh_TW.po", 
      "content_type": 22, 
      "fuzzy_perc": 0, 
      "untrans_perc": 0, 
      "fuzzy": 0, 
      "trans": 34
    }
  }, 
  {
    "pk": 298, 
    "model": "translations.pofile", 
    "fields": {
      "untrans": 32, 
      "total": 75, 
      "language": 22, 
      "created": "2008-11-21", 
      "trans_perc": 57, 
      "enabled": true, 
      "modified": "2008-11-21 19:23:59", 
      "object_id": 5, 
      "filename": "po/zh_TW.po", 
      "content_type": 22, 
      "fuzzy_perc": 0, 
      "untrans_perc": 42, 
      "fuzzy": 0, 
      "trans": 43
    }
  }, 
  {
    "pk": 368, 
    "model": "translations.pofile", 
    "fields": {
      "untrans": 0, 
      "total": 20, 
      "language": 22, 
      "created": "2008-11-21", 
      "trans_perc": 100, 
      "enabled": true, 
      "modified": "2008-11-21 19:24:08", 
      "object_id": 6, 
      "filename": "po/zh_TW.po", 
      "content_type": 22, 
      "fuzzy_perc": 0, 
      "untrans_perc": 0, 
      "fuzzy": 0, 
      "trans": 20
    }
  }, 
  {
    "pk": 255, 
    "model": "translations.pofile", 
    "fields": {
      "untrans": 34, 
      "total": 34, 
      "language": 84, 
      "created": "2008-11-21", 
      "trans_perc": 0, 
      "enabled": true, 
      "modified": "2008-11-21 19:06:32", 
      "object_id": 4, 
      "filename": "po/zu.po", 
      "content_type": 22, 
      "fuzzy_perc": 0, 
      "untrans_perc": 100, 
      "fuzzy": 0, 
      "trans": 0
    }
  }, 
  {
    "pk": 1, 
    "model": "sites.site", 
    "fields": {
      "domain": "localhost", 
      "name": "Transifex"
    }
  }, 
  {
    "pk": 5, 
    "model": "tagging.tag", 
    "fields": {
      "name": "desktop"
    }
  }, 
  {
    "pk": 3, 
    "model": "tagging.tag", 
    "fields": {
      "name": "desktops"
    }
  }, 
  {
    "pk": 4, 
    "model": "tagging.tag", 
    "fields": {
      "name": "distro"
    }
  }, 
  {
    "pk": 2, 
    "model": "tagging.tag", 
    "fields": {
      "name": "docs"
    }
  }, 
  {
    "pk": 1, 
    "model": "tagging.tag", 
    "fields": {
      "name": "nis"
    }
  }, 
  {
    "pk": 1, 
    "model": "tagging.taggeditem", 
    "fields": {
      "tag": 1, 
      "object_id": 7, 
      "content_type": 21
    }
  }, 
  {
    "pk": 2, 
    "model": "tagging.taggeditem", 
    "fields": {
      "tag": 2, 
      "object_id": 2, 
      "content_type": 21
    }
  }, 
  {
    "pk": 3, 
    "model": "tagging.taggeditem", 
    "fields": {
      "tag": 3, 
      "object_id": 10, 
      "content_type": 21
    }
  }, 
  {
    "pk": 4, 
    "model": "tagging.taggeditem", 
    "fields": {
      "tag": 4, 
      "object_id": 1, 
      "content_type": 23
    }
  }, 
  {
    "pk": 5, 
    "model": "tagging.taggeditem", 
    "fields": {
      "tag": 5, 
      "object_id": 2, 
      "content_type": 23
    }
  }, 
  {
    "pk": 19, 
    "model": "contenttypes.contenttype", 
    "fields": {
      "model": "pofile", 
      "name": "PO file", 
      "app_label": "translations"
    }
  }, 
  {
    "pk": 13, 
    "model": "contenttypes.contenttype", 
    "fields": {
      "model": "association", 
      "name": "association", 
      "app_label": "django_authopenid"
    }
  }, 
  {
    "pk": 23, 
    "model": "contenttypes.contenttype", 
    "fields": {
      "model": "collection", 
      "name": "collection", 
      "app_label": "txcollections"
    }
  }, 
  {
    "pk": 6, 
    "model": "contenttypes.contenttype", 
    "fields": {
      "model": "comment", 
      "name": "comment", 
      "app_label": "comments"
    }
  }, 
  {
    "pk": 7, 
    "model": "contenttypes.contenttype", 
    "fields": {
      "model": "commentflag", 
      "name": "comment flag", 
      "app_label": "comments"
    }
  }, 
  {
    "pk": 22, 
    "model": "contenttypes.contenttype", 
    "fields": {
      "model": "component", 
      "name": "component", 
      "app_label": "projects"
    }
  }, 
  {
    "pk": 8, 
    "model": "contenttypes.contenttype", 
    "fields": {
      "model": "contenttype", 
      "name": "content type", 
      "app_label": "contenttypes"
    }
  }, 
  {
    "pk": 26, 
    "model": "contenttypes.contenttype", 
    "fields": {
      "model": "evolution", 
      "name": "evolution", 
      "app_label": "django_evolution"
    }
  }, 
  {
    "pk": 9, 
    "model": "contenttypes.contenttype", 
    "fields": {
      "model": "flatpage", 
      "name": "flat page", 
      "app_label": "flatpages"
    }
  }, 
  {
    "pk": 3, 
    "model": "contenttypes.contenttype", 
    "fields": {
      "model": "group", 
      "name": "group", 
      "app_label": "auth"
    }
  }, 
  {
    "pk": 20, 
    "model": "contenttypes.contenttype", 
    "fields": {
      "model": "language", 
      "name": "language", 
      "app_label": "languages"
    }
  }, 
  {
    "pk": 1, 
    "model": "contenttypes.contenttype", 
    "fields": {
      "model": "logentry", 
      "name": "log entry", 
      "app_label": "admin"
    }
  }, 
  {
    "pk": 5, 
    "model": "contenttypes.contenttype", 
    "fields": {
      "model": "message", 
      "name": "message", 
      "app_label": "auth"
    }
  }, 
  {
    "pk": 12, 
    "model": "contenttypes.contenttype", 
    "fields": {
      "model": "nonce", 
      "name": "nonce", 
      "app_label": "django_authopenid"
    }
  }, 
  {
    "pk": 2, 
    "model": "contenttypes.contenttype", 
    "fields": {
      "model": "permission", 
      "name": "permission", 
      "app_label": "auth"
    }
  }, 
  {
    "pk": 21, 
    "model": "contenttypes.contenttype", 
    "fields": {
      "model": "project", 
      "name": "project", 
      "app_label": "projects"
    }
  }, 
  {
    "pk": 24, 
    "model": "contenttypes.contenttype", 
    "fields": {
      "model": "collectionrelease", 
      "name": "release", 
      "app_label": "txcollections"
    }
  }, 
  {
    "pk": 10, 
    "model": "contenttypes.contenttype", 
    "fields": {
      "model": "session", 
      "name": "session", 
      "app_label": "sessions"
    }
  }, 
  {
    "pk": 11, 
    "model": "contenttypes.contenttype", 
    "fields": {
      "model": "site", 
      "name": "site", 
      "app_label": "sites"
    }
  }, 
  {
    "pk": 16, 
    "model": "contenttypes.contenttype", 
    "fields": {
      "model": "tag", 
      "name": "tag", 
      "app_label": "tagging"
    }
  }, 
  {
    "pk": 17, 
    "model": "contenttypes.contenttype", 
    "fields": {
      "model": "taggeditem", 
      "name": "tagged item", 
      "app_label": "tagging"
    }
  }, 
  {
    "pk": 18, 
    "model": "contenttypes.contenttype", 
    "fields": {
      "model": "unit", 
      "name": "unit", 
      "app_label": "vcs"
    }
  }, 
  {
    "pk": 4, 
    "model": "contenttypes.contenttype", 
    "fields": {
      "model": "user", 
      "name": "user", 
      "app_label": "auth"
    }
  }, 
  {
    "pk": 14, 
    "model": "contenttypes.contenttype", 
    "fields": {
      "model": "userassociation", 
      "name": "user association", 
      "app_label": "django_authopenid"
    }
  }, 
  {
    "pk": 15, 
    "model": "contenttypes.contenttype", 
    "fields": {
      "model": "userpasswordqueue", 
      "name": "user password queue", 
      "app_label": "django_authopenid"
    }
  }, 
  {
    "pk": 25, 
    "model": "contenttypes.contenttype", 
    "fields": {
      "model": "version", 
      "name": "version", 
      "app_label": "django_evolution"
    }
  }
]
